controller,theta_deg,seed,step,proposed_action,proposed_action_name,reward,red_x,red_y,red_z,blue_x,blue_y,blue_z,agent_role,opponent_role,distance,ata_blue,ata_red,aa_blue,aa_red,blue_in_WEZ,red_in_WEZ,mach_blue,mach_red,height_blue_ft,height_red_ft,height_blue_m,height_red_m,alpha_blue_deg,alpha_red_deg,g_y_blue,g_z_blue,g_exposure,max_g,min_blue_altitude_ft,max_blue_alpha_deg,executed_action,executed_action_name,shield_enabled,shield_intervened,veto_reason,done_cause,red_blood,blue_blood
ppo_shield,5.0,0,0,6,high_yoyo,-0.11952031944284883,-11093.094689070585,-1115.2472041804099,-20636.761486847558,11095.69646211027,1101.95287052219,-20719.650116231227,blue,red,6796.871192329894,4.326120101324993,2.174754351353727,177.82524564864627,175.673879898675,False,False,0.7684781757916755,0.7689487770396756,20719.650116231227,20636.761486847558,6315.349355427278,6290.084901191136,3.70066552719031,2.5374574881438647,0.013137026817438651,1.9738092472199902,1.20666795956466,1.9738529646062157,20719.02141605885,3.70066552719031,6,high_yoyo,True,False,none,not_done,1.0,1.0
ppo_shield,5.0,0,1,6,high_yoyo,-0.19735432926495985,-10296.008243893808,-1016.8259978049223,-20640.801620137496,10302.255579133242,993.413030012264,-20740.46070085464,blue,red,6308.251618954279,7.737798961361792,4.185421034592514,175.8145789654075,172.2622010386382,False,False,0.7837382427819672,0.7868662670399343,20740.46070085464,20640.801620137496,6321.692421620495,6291.316333817909,5.321477017856807,3.6825334657022872,-0.0219658466716527,2.669750233122915,2.4556323693663296,2.6877500869693387,20719.650116231227,5.3878448593399435,6,high_yoyo,True,False,none,not_done,1.0,1.0
ppo_shield,5.0,0,2,6,high_yoyo,-0.2646697698583488,-9477.343960271764,-950.8616765241629,-20661.652384818386,9490.478064909392,927.3287330339457,-20795.76201371746,blue,red,5809.809878002106,7.858326112714323,3.0942702552640426,176.90572974473596,172.1416738872857,False,False,0.7990747839445125,0.805011390890608,20795.76201371746,20661.652384818386,6338.548261781082,6297.671646892644,2.805862803846954,1.7759238963184982,0.0068019604266596765,1.6893303570148694,2.154584540203455,2.6650676392443495,20740.46070085464,5.321477017856807,6,high_yoyo,True,False,none,not_done,1.0,1.0
ppo_shield,5.0,0,3,6,high_yoyo,-0.18507900295752688,-8640.923781632497,-871.1094634864425,-20687.243338313183,8664.367439670445,845.8713102876493,-20864.01921503625,blue,red,5300.824961565588,4.7754266235354885,1.4440045703000237,178.55599542969998,175.22457337646452,False,False,0.8161650163291801,0.8238384588194646,20864.01921503625,20687.243338313183,6359.353056743049,6305.471769517859,0.5050288245972112,0.48000018477095063,-0.020512856283594744,0.8048872644926431,1.2878181075563757,1.6814964232734033,20795.76201371746,2.805862803846954,6,high_yoyo,True,False,none,not_done,1.0,1.0
ppo_shield,5.0,0,4,6,high_yoyo,-0.13288129411787133,-7786.373306932157,-774.2282693712721,-20704.243572199197,7821.3892058965,738.7407610993487,-20908.466685707634,blue,red,4779.95046045046,4.249501821496382,1.8576385273747447,178.14236147262528,175.75049817850362,False,False,0.8340456892184992,0.842974828995907,20908.466685707634,20704.243572199197,6372.900645803687,6310.653440806315,0.8028704927852691,1.5317649523972925,0.034615115832898086,0.9939223520695003,0.56424193756229,0.9945249359304635,20864.01921503625,0.8028704927852691,6,high_yoyo,True,False,none,not_done,1.0,1.0
ppo_shield,5.0,0,5,6,high_yoyo,-0.21720354597683342,-6911.078882506473,-689.1214615743482,-20728.73625893478,6958.681104553876,640.2424887548746,-20950.828663373803,blue,red,4247.415895038215,7.2426368628557425,3.3329730352727367,176.66702696472726,172.75736313714427,False,False,0.8518571317124171,0.8618294816712222,20950.828663373803,20728.73625893478,6385.812576596335,6318.118811723321,3.1472178592972577,2.0004983566886074,-0.01620158853324599,2.112898114731885,1.6344044450046884,2.112960230271397,20908.466685707634,3.1472178592972577,6,high_yoyo,True,False,none,not_done,1.0,1.0
ppo_shield,5.0,0,6,6,high_yoyo,-0.47240013732733743,-6016.337193569461,-609.6951328450986,-20766.911288609237,6078.170697408114,566.3033235539701,-21022.118651628694,blue,red,3704.6082682864244,10.077490205642254,1.5742877337502248,178.4257122662498,169.92250979435775,False,False,0.8678285119077233,0.8806676824347913,21022.118651628694,20766.911288609237,6407.541765016426,6329.754560768096,3.0670072276211813,0.4902419505385196,-0.000593945899723305,2.1005007261256394,2.2647324339532955,2.359055634320091,20950.828663373803,3.5899346192903177,6,high_yoyo,True,False,none,not_done,1.0,1.0
ppo_shield,5.0,0,7,6,high_yoyo,-0.43992953619101216,-5103.689659830974,-512.5482591237648,-20801.30317093562,5185.639680382222,477.60996382605214,-21124.111864330385,blue,red,3152.2114356543307,9.502332918632629,1.5836012671944009,178.4163987328056,170.49766708136738,False,False,0.884251615770638,0.8996577443369946,21124.111864330385,20801.30317093562,6438.629296247902,6340.237206501177,0.936673602350087,1.1593300008328806,-0.008925726039152988,1.103670563155704,1.6047827578307703,2.091617840199963,21022.118651628694,3.0670072276211813,6,high_yoyo,True,False,none,not_done,1.0,1.0
ppo_shield,5.0,0,8,6,high_yoyo,-0.4023110392373406,-4177.015030773094,-420.91384773756766,-20844.5718773686,4277.4189576559675,381.916995354307,-21230.751790579303,blue,red,2591.1787553909053,10.244684076595645,3.0030853703235163,176.9969146296765,169.75531592340437,False,False,0.9008369513695389,0.9044718644378963,21230.751790579303,20844.5718773686,6471.133145768572,6353.425508221949,1.3460762961350374,2.2142193271695816,-0.014954718266862123,1.4111045247967802,1.1404179572001047,1.411183766736419,21124.111864330385,1.3460762961350374,6,high_yoyo,True,False,none,not_done,1.0,1.0
ppo_shield,5.0,0,9,6,high_yoyo,-0.6537712644688742,-3250.2717161392006,-348.5659688089404,-20899.484907998096,3357.700176549581,308.29260832748713,-21343.871496034964,blue,red,2028.5633096508393,14.09628710623577,2.328404345796049,177.67159565420394,165.90371289376424,False,False,0.902111968638626,0.9001751398692341,21343.871496034964,20899.484907998096,6505.612031991457,6370.16299995782,2.6165103552199893,0.20326865270468378,-0.010012551669353017,2.056373176007454,1.709481366512902,2.0563975515920836,21230.751790579303,2.6165103552199893,6,high_yoyo,True,False,none,not_done,1.0,1.0
ppo_shield,5.0,0,10,6,high_yoyo,-0.18256878225781994,-2327.083407712763,-289.0735181540994,-20894.987008149314,2447.410138098893,220.73081752503435,-21484.31639712276,blue,red,1474.5201520064963,19.27706849945055,15.990830418809782,164.0091695811902,160.72293150054946,False,False,0.8960705136324373,0.8947900873241086,21484.31639712276,20894.987008149314,6548.419637843017,6368.792040083911,2.724347737792042,5.199696454581204,0.017648107775509923,2.0229424527662903,2.217249842351655,2.314049619694227,21343.871496034964,3.180669435528877,6,high_yoyo,True,False,none,not_done,1.0,1.0
ppo_shield,5.0,0,11,6,high_yoyo,9.952215055041869,-1418.635125279476,-195.18588028032633,-20769.566174615247,1547.4959196568452,116.3837224258225,-21648.849609927882,blue,red,947.7343367922405,26.82551905386651,25.965390044620136,154.03460995537986,153.17448094613349,False,False,0.8951556633993029,0.8960743686755012,21648.849609927882,20769.566174615247,6598.569361106019,6330.563770022728,0.7330398446731798,2.6677857168190195,-0.011181900090756062,1.0359168467154596,1.5065540077051969,2.0118265187542965,21484.31639712276,2.724347737792042,6,high_yoyo,True,False,none,not_done,1.0,1.0
ppo_shield,5.0,0,12,6,high_yoyo,9.863809674536306,-512.5951292260897,-56.70157036011955,-20615.949293204336,639.5299697859182,29.769081550016374,-21796.329673691595,blue,red,503.44317662227564,53.730308633777895,51.27888277543143,128.7211172245686,126.2696913662221,False,False,0.9020703818540723,0.9033523286933804,21796.329673691595,20615.949293204336,6643.521284541198,6283.741344568682,-1.7751915830458032,3.8695830299870435,-0.16417752551594772,-0.589089822481168,0.5637597363611424,1.0267673058857467,21648.849609927882,1.7751915830458032,6,high_yoyo,True,False,none,not_done,1.0,1.0
ppo_shield,5.0,0,13,6,high_yoyo,9.340864387481426,406.99816701397594,28.823709173719603,-20507.808684497286,-275.5074953736057,-49.50163262586404,-21906.8308321745,blue,red,475.05911397613175,122.86488630283934,111.00044527750501,68.99955472249499,57.13511369716067,False,False,0.8990120423294023,0.8950142523269055,21906.8308321745,20507.808684497286,6677.202037646787,6250.780087034773,2.5432832742307014,9.70119684236627,0.06958153079064427,2.0844049534943228,0.8413316428151562,2.0855660141982653,21796.329673691595,2.5432832742307014,6,high_yoyo,True,False,none,not_done,1.0,1.0
ppo_shield,5.0,0,14,6,high_yoyo,9.072489223886901,1318.2279741072223,13.63094719378323,-20520.081189419965,-1192.3632104541507,-65.91521700705567,-21988.832438200985,blue,red,886.8907973481746,148.45448711712507,131.7592931470893,48.240706852910705,31.545512882874952,False,False,0.8941078454910311,0.8702945042560029,21988.832438200985,20520.081189419965,6702.196127163661,6254.520746535206,8.97043995881318,13.767759627667823,-0.012580106465530717,5.137714889254425,3.7734526506041317,5.137730290930548,21906.8308321745,8.97043995881318,6,high_yoyo,True,False,none,not_done,1.0,1.0
ppo_shield,5.0,0,15,6,high_yoyo,-0.8418593674774535,2165.9624937937997,-168.2259244238438,-20657.37457141157,-2094.1793195804685,78.10619509901589,-22010.863906050407,blue,red,1364.5178459382723,148.10829523884993,132.9548266242558,47.04517337574423,31.89170476115007,False,False,0.8884567546314046,0.833735428875246,22010.863906050407,20657.37457141157,6708.9113185641645,6296.367769366247,13.159085769299452,16.727033158469858,-0.010092610809913194,7.119450385177199,6.186562055344462,7.119457538871394,21988.832438200985,13.159085769299452,6,high_yoyo,True,False,none,not_done,1.0,1.0
ppo_shield,5.0,0,16,6,high_yoyo,-0.6787298300896493,2882.233461187658,-564.6010620255124,-20835.59900359373,-2920.795783565934,436.639517954963,-21978.38858355449,blue,red,1828.3833706613618,139.6651951560854,127.44805821447171,52.5519417855283,40.33480484391462,False,False,0.8710376734175003,0.7950560112713283,21978.38858355449,20835.59900359373,6699.012840267409,6350.690576295368,16.25315396457622,18.544119105844317,-0.0008019859081341218,8.259556309664676,7.7892603035900425,8.259556348600265,21978.38858355449,16.25315396457622,6,high_yoyo,True,False,none,not_done,1.0,1.0
ppo_shield,5.0,0,17,6,high_yoyo,-0.5805846675221926,3409.2509748074926,-1140.295751560716,-20987.827059610987,-3585.8499159484954,1004.6769448076078,-21925.299231910347,blue,red,2248.3250971980115,128.76909646772071,118.31857245232126,61.68142754767875,51.23090353227929,False,False,0.8402636175401915,0.7531362085819785,21925.299231910347,20987.827059610987,6682.831205886274,6397.0896877694295,18.255209750530963,19.659285925675952,0.005060280904796292,8.483994514068089,8.429131061396813,8.490727328485695,21925.299231910347,18.255209750530963,6,high_yoyo,True,False,none,not_done,1.0,1.0
ppo_shield,5.0,0,18,6,high_yoyo,-0.49570911603729234,3714.0228561536387,-1819.3397700103103,-21097.4407181923,-4023.7188636502933,1720.5309600578978,-21875.42904328814,blue,red,2604.3656920228873,117.33884274484029,108.41607865616903,71.58392134383097,62.66115725515971,False,False,0.8023764828803899,0.712660275063832,21875.42904328814,21097.4407181923,6667.6307723942255,6430.499930905014,19.506301826723,20.274730865493897,0.005788491176091832,8.198737401146147,8.369639548934522,8.483134644177614,21875.42904328814,19.506301826723,6,high_yoyo,True,False,none,not_done,1.0,1.0
ppo_shield,5.0,0,19,6,high_yoyo,-0.34841245010221933,3795.8717751457207,-2524.261514396253,-21169.524638882605,-4207.200748979005,2498.9069401575744,-21833.986953083095,blue,red,2887.1318449105515,106.10642604425091,99.83500194241098,80.16499805758903,73.89357395574909,False,False,0.762642740943075,0.6780962118330721,21833.986953083095,21169.524638882605,6654.999223299727,6452.471109931418,20.24965980355368,19.89511228988443,0.004499576438292352,7.658966529192113,7.943318402718463,8.194309529856254,21833.986953083095,20.24965980355368,6,high_yoyo,True,False,none,not_done,1.0,1.0
ppo_shield,5.0,0,20,6,high_yoyo,-0.2656275072728119,3679.5699097136817,-3194.9111977782345,-21211.03552960464,-4146.383724482526,3257.1498967533335,-21796.3270393676,blue,red,3096.642129495309,96.27584974144395,91.49455461053334,88.50544538946666,83.72415025855605,False,False,0.7264123385752868,0.650610127032492,21796.3270393676,21211.03552960464,6643.520481599245,6465.123629423495,19.9690477166271,19.90972569551654,0.0027369947916716267,6.8632176294171865,7.265744356938687,7.652167449314062,21796.3270393676,20.289368797357984,6,high_yoyo,True,False,none,not_done,1.0,1.0
ppo_shield,5.0,0,21,6,high_yoyo,-0.2216201304357267,3396.6324234629,-3785.7704818312964,-21226.36626948152,-3878.767723565168,3933.757741107981,-21756.163862714173,blue,red,3237.2464739302923,87.02254384303833,83.03338149519527,96.96661850480474,92.97745615696167,False,False,0.6971564997538676,0.6258626844123356,21756.163862714173,21226.36626948152,6631.27874535528,6469.796438937968,19.848038299168287,20.18485465329082,0.0022369912207371554,6.307332114348176,6.5458423805278985,6.8555048152662525,21756.163862714173,19.9690477166271,6,high_yoyo,True,False,none,not_done,1.0,1.0
ppo_shield,5.0,0,22,6,high_yoyo,-0.11106998697147848,2983.3562214422836,-4263.744962252213,-21219.519145540595,-3449.4160110218886,4485.321060691016,-21710.47978203546,blue,red,3313.3282172569548,77.5343758155439,75.53511605005728,104.46488394994272,102.46562418445612,False,False,0.6702610057519326,0.6052533492844856,21710.47978203546,21219.519145540595,6617.354237564409,6467.709435560773,20.194688167072716,19.858117885957963,0.002755078283230575,5.929922630691866,6.12676215078201,6.303707613278413,21710.47978203546,20.194759123379377,6,high_yoyo,True,False,none,not_done,1.0,1.0
ppo_shield,5.0,0,23,6,high_yoyo,-0.06643643310501442,2478.671171205267,-4610.835287946062,-21194.98507049084,-2906.6433153520834,4882.658524423049,-21659.04566497368,blue,red,3329.769309298745,69.0397434727058,67.84388767681556,112.15611232318446,110.9602565272942,False,False,0.6467879013329848,0.5882410341311793,21659.04566497368,21194.98507049084,6601.677118683978,6460.231449485608,19.89337345755289,20.015796540901867,0.002882553114706738,5.45513171803286,5.685830470807164,5.9253149314298,21659.04566497368,20.194688167072716,6,high_yoyo,True,False,none,not_done,1.0,1.0
ppo_shield,5.0,0,24,6,high_yoyo,-0.014744013790943436,1920.153983920975,-4816.654837873178,-21157.16583812925,-2299.024117685953,5115.100679724554,-21601.97902047693,blue,red,3291.8271628375855,60.53336951581455,60.26797726757756,119.73202273242245,119.46663048418546,False,False,0.6271365373695055,0.5727434380572534,21601.97902047693,21157.16583812925,6584.283205441368,6448.704147461796,19.969301191722572,20.0997630234382,0.0031077876796527207,5.165306462658545,5.291318632106391,5.451035414173487,21601.97902047693,19.969301191722572,6,high_yoyo,True,False,none,not_done,1.0,1.0
ppo_shield,5.0,0,25,6,high_yoyo,0.06751147348629002,1343.5453896284453,-4880.02230506042,-21109.403565735985,-1671.7231400164976,5181.624994261549,-21539.96861212369,blue,red,3204.2291460362153,52.00416319549183,53.21936971824507,126.78063028175495,127.99583680450817,False,False,0.6088320553522313,0.5600224356031994,21539.96861212369,21109.403565735985,6565.382432975301,6434.146206836329,20.120196312098432,19.86886527465022,0.003320615253453472,4.909702034478767,5.045290839263378,5.163170777015764,21539.96861212369,20.140998859853216,6,high_yoyo,True,False,none,not_done,1.0,1.0
ppo_shield,5.0,0,26,6,high_yoyo,0.0962201321512856,780.649035486489,-4807.841985886395,-21053.881521244508,-1065.4940181389652,5090.980860639636,-21473.553533932536,blue,red,3071.8496844897645,44.060566974586685,45.79252935330987,134.20747064669015,135.9394330254133,False,False,0.5931849603865124,0.5490339716974865,21473.553533932536,21053.881521244508,6545.139117142638,6417.2230876753265,19.883550763323818,20.069911153994152,0.0031198474638131283,4.623111770800992,4.757391201923763,4.9066174252749555,21473.553533932536,20.120196312098432,6,high_yoyo,True,False,none,not_done,1.0,1.0
ppo_shield,5.0,0,27,6,high_yoyo,0.15139153472937653,260.5202637169174,-4611.151800411311,-20992.44754419002,-513.7678670355731,4860.754552277798,-21402.748250703065,blue,red,2899.3655009941517,35.82865979933011,38.55370742445888,141.44629257554112,144.1713402006699,False,False,0.5796751579963407,0.5389381383632219,21402.748250703065,20992.44754419002,6523.557666814295,6398.498011469119,20.03614733086823,20.031291565436753,0.003202551812935343,4.463090506088097,4.535052162890802,4.62089766643663,21402.748250703065,20.03614733086823,6,high_yoyo,True,False,none,not_done,1.0,1.0
ppo_shield,5.0,0,28,6,high_yoyo,0.2120793974867002,-192.89312343286517,-4306.579165727343,-20926.105004513753,-44.7810336239609,4512.65753075119,-21327.996003037795,blue,red,2691.2716302580193,27.6502874817009,31.46771663646152,148.53228336353848,152.34971251829913,False,False,0.5671636084713702,0.5307138958413946,21327.996003037795,20926.105004513753,6500.77318172592,6378.276805375792,20.054666630668976,19.900140621397984,0.0024995557902692386,4.285406471860026,4.379413901474924,4.4616878421783746,21327.996003037795,20.108947294752546,6,high_yoyo,True,False,none,not_done,1.0,1.0
ppo_shield,5.0,0,29,6,high_yoyo,0.23891559730035705,-560.6232695514235,-3914.1329578665673,-20855.120360272245,320.6971900111683,4072.803716491372,-21249.684456172872,blue,red,2452.145154134633,19.690254604280202,23.990735355686642,156.00926464431336,160.30974539571983,False,False,0.556680522496461,0.5233070402112396,21249.684456172872,20855.120360272245,6476.903822241492,6356.64068581098,19.903732245756935,20.091457814544974,0.0001855106693895888,4.11455110802029,4.191433203455893,4.283363320671578,21249.684456172872,20.054666630668976,6,high_yoyo,True,False,none,not_done,1.0,1.0
ppo_shield,5.0,0,30,6,high_yoyo,0.29692059019520856,-827.9419711314722,-3456.2486039324162,-20781.556214789052,569.7202329117754,3569.380289878613,-21169.314413211334,blue,red,2186.5714989015864,11.406966162092473,16.751536785606284,163.24846321439375,168.59303383790754,False,False,0.5472797721066542,0.5165468057254319,21169.314413211334,20781.556214789052,6452.407033146815,6334.2183342677035,20.068850291288946,19.98179240065283,-0.001322531070869158,4.021218282512521,4.066136792755362,4.113376570482444,21169.314413211334,20.068850291288946,6,high_yoyo,True,False,none,not_done,1.0,1.0
ppo_shield,5.0,0,31,6,high_yoyo,0.3128966209690038,-986.6836835494614,-2956.949564424776,-20707.27233163851,695.4975437725603,3031.1898739723806,-21091.436956631358,blue,red,1899.447720444398,4.13238693395273,9.7645261113948,170.2354738886052,175.86761306604728,False,False,0.5383960012231238,0.5109518148851638,21091.436956631358,20707.27233163851,6428.6699843812385,6311.576606683418,20.008381524251803,19.939254777685328,-0.00300197498194817,3.8885492296422317,3.9582029002449906,4.02019496952334,21091.436956631358,20.091481144252242,6,high_yoyo,True,False,none,not_done,1.0,1.0
ppo_shield,5.0,0,32,6,high_yoyo,-0.12949760709983232,-1033.482488852455,-2440.4656105490976,-20634.223846189376,699.787529884796,2485.698754456241,-21023.167644268236,blue,red,1596.1336662465949,7.682690031555991,5.351733103759025,174.64826689624098,172.317309968444,False,False,0.5303689674577889,0.5054671803545393,21023.167644268236,20634.223846189376,6407.861497972959,6289.311428318522,19.940510066943528,20.093733687372485,-0.0062936023613425675,3.771696568058021,3.823989390211362,3.887098692365448,21023.167644268236,20.008381524251803,6,high_yoyo,True,False,none,not_done,1.0,1.0
ppo_shield,5.0,0,33,6,high_yoyo,-0.3425364692452279,-970.6052847328579,-1930.3217274937956,-20567.718771055315,591.982589434624,1956.9598085150978,-20974.351505488725,blue,red,1282.9867578622595,15.705516207179901,9.5398597607658,170.4601402392342,164.2944837928201,False,False,0.5231665775692349,0.5001383761834447,20974.351505488725,20567.718771055315,6392.982338872964,6269.04068141766,18.263049503159102,19.562733633017796,-0.013306591968765748,3.3828728301972153,3.6502315774359135,3.770856354820708,20974.351505488725,19.97802943306784,6,high_yoyo,True,False,none,not_done,1.0,1.0
ppo_shield,5.0,0,34,6,high_yoyo,9.51881106049975,-810.9201761965124,-1443.154765498397,-20516.800794911273,394.7669462993362,1455.9076914749023,-20954.147248077625,blue,red,966.2456375898512,21.23118850580139,12.569787594796887,167.43021240520312,158.76881149419862,False,False,0.5246921999679084,0.5001651431044187,20954.147248077625,20516.800794911273,6386.82408121406,6253.520882288956,13.465871121908428,15.843596447188315,-0.03263342308382404,2.5726939477015867,2.992701787495202,3.375845260324329,20954.147248077625,18.263049503159102,6,high_yoyo,True,False,none,not_done,1.0,1.0
ppo_shield,5.0,0,35,6,high_yoyo,9.191939236399687,-583.9484449690501,-975.926574575307,-20493.201205957208,149.63554290109016,969.3135316810007,-20969.389026553745,blue,red,650.0791219664827,24.67809207592477,10.132998331119152,169.86700166888085,155.32190792407525,False,False,0.5336098682098387,0.5080033261429172,20969.389026553745,20493.201205957208,6391.469775293582,6246.327727575757,8.61531484916088,11.418235104123106,0.01390954047226878,1.7681892678226727,2.1311680893906275,2.5635488379877076,20953.997527478878,13.465871121908428,6,high_yoyo,True,False,none,not_done,1.0,1.0
ppo_shield,5.0,0,36,6,high_yoyo,9.245015939206962,-337.25943849947436,-506.6847664436247,-20503.906505853716,-85.92588247228113,466.9936784400734,-21006.111920980227,blue,red,342.602324951158,30.948471094485125,17.35875800021041,162.64124199978957,149.05152890551489,False,False,0.5455459732152277,0.5188160522434894,21006.111920980227,20503.906505853716,6402.662913514773,6249.590702984213,7.316008834993977,9.64446222002361,0.011300725810003435,1.662231394624988,1.6285535295781566,1.763097529989563,20969.389026553745,8.61531484916088,6,high_yoyo,True,False,none,not_done,1.0,1.0
ppo_shield,5.0,0,37,6,high_yoyo,9.741660743541141,-122.11541693356608,-12.266037123107758,-20534.24243254074,-275.5725552062423,-67.99825751798981,-21021.896106343444,blue,red,156.74583504717987,95.24760693242203,90.59750031616258,89.40249968383742,84.75239306757797,False,False,0.5564504399784755,0.5264292688788502,21021.896106343444,20534.24243254074,6407.473933213482,6258.837093438418,10.961974574472876,13.238910144526132,0.023610507100263144,2.4931883633314333,2.03945285787723,2.4933001566391484,21006.111920980227,10.961974574472876,6,high_yoyo,True,False,none,not_done,1.0,1.0
ppo_shield,5.0,0,38,6,high_yoyo,9.983815902882304,16.929731962940746,512.9394107475216,-20566.186046790557,-388.7870037820288,-632.8733846439413,-20993.152000358197,blue,red,392.6828383050712,143.1824569701049,142.8911432219864,37.10885677801361,36.817543029895084,False,False,0.5634674466186765,0.5276597437276288,20993.152000358197,20566.186046790557,6398.712729709179,6268.573507061762,14.520072550928996,16.24986025107214,0.010182597177288356,3.2961069447459153,2.915626826394336,3.2961226731551614,20993.152000358197,14.520072550928996,6,high_yoyo,True,False,none,not_done,1.0,1.0
ppo_shield,5.0,0,39,6,high_yoyo,10.070630356725117,55.06469196381726,1052.6967601193962,-20597.437093554858,-394.4520722190277,-1210.5798189878296,-20929.142897854104,blue,red,710.5511652415729,144.08786834150015,145.35921476255228,34.64078523744773,35.91213165849985,False,False,0.5649483036438929,0.5227432280327461,20929.142897854104,20597.437093554858,6379.202755265931,6278.098826115521,17.11418227145476,18.211151871217083,0.00035904852271783207,3.803298918322658,3.581026645142331,3.803298935270556,20929.142897854104,17.11418227145476,6,high_yoyo,True,False,none,not_done,1.0,1.0
ppo_shield,5.0,0,40,6,high_yoyo,0.12909267788643317,-17.171821126835773,1581.5073135095722,-20626.333152415165,-277.56924079112736,-1773.2151290590825,-20851.871916509288,blue,red,1027.8964689499921,138.83086619125584,141.15453439321166,38.84546560678836,41.169133808744164,False,False,0.5607235901078081,0.5139321604057916,20851.871916509288,20626.333152415165,6355.650560152031,6286.906344856143,18.76268416667208,19.437755908017884,-0.005128787981611853,4.050406229242374,3.9455252283054865,4.050409476380331,20851.871916509288,18.76268416667208,6,high_yoyo,True,False,none,not_done,1.0,1.0
ppo_shield,5.0,0,41,6,high_yoyo,0.16746939700796468,-199.0975696943369,2073.097572017826,-20641.31929299063,-40.764694286362214,-2290.1643349741657,-20778.108759790768,blue,red,1331.4505218168686,132.00771762481102,135.0221667709544,44.97783322904561,47.992282375188985,False,False,0.5524333089855596,0.5038039760650509,20778.108759790768,20641.31929299063,6333.167549984227,6291.474120503544,19.798985064549516,20.182354049038963,-0.0068806189652272035,4.123721212253972,4.09908590490024,4.123726952564963,20778.108759790768,19.798985064549516,6,high_yoyo,True,False,none,not_done,1.0,1.0
ppo_shield,5.0,0,42,6,high_yoyo,0.22812268805151154,-479.8646333895845,2503.799312249267,-20631.229327250083,301.72893714330263,-2733.201185537476,-20714.556213174063,blue,red,1614.1169164097223,124.79104980793383,128.89725819286105,51.102741807138955,55.20895019206617,False,False,0.5417291388175102,0.49488642293978136,20714.556213174063,20631.229327250083,6313.796733775454,6288.398698945825,20.292557665973415,20.047918574720804,-0.006295502448422736,4.057036193188297,4.106486104235147,4.124065964135506,20714.556213174063,20.29534433780739,6,high_yoyo,True,False,none,not_done,1.0,1.0
ppo_shield,5.0,0,43,6,high_yoyo,0.2531021994533149,-841.5866377300574,2856.949895448842,-20591.88085726619,728.0901533024869,-3080.774373486116,-20659.58748106694,blue,red,1872.103308787947,118.39000723461206,122.94584682477172,57.05415317522827,61.60999276538794,False,False,0.5319486789513077,0.48969004376492836,20659.58748106694,20591.88085726619,6297.042264229204,6276.405285294735,19.80362667946488,19.767862173806563,-0.004059410114336338,3.830224944810326,3.9420068487795836,4.055178761506706,20659.58748106694,20.292557665973415,6,high_yoyo,True,False,none,not_done,1.0,1.0
ppo_shield,5.0,0,44,6,high_yoyo,0.2637245137115699,-1264.8560724104468,3120.1715992759855,-20525.906944434013,1213.4458528673797,-3320.9323805593035,-20607.188981443513,blue,red,2103.7031844544626,111.45587807793267,116.20291932474093,63.79708067525907,68.54412192206733,False,False,0.5239628550475502,0.48587269568987895,20607.188981443513,20525.906944434013,6281.071201543983,6256.296436663488,19.97061775315347,20.240512392244153,-0.0028970970051416553,3.7645015746379147,3.7808182053961996,3.8284306930528524,20607.188981443513,19.97061775315347,6,high_yoyo,True,False,none,not_done,1.0,1.0
ppo_shield,5.0,0,45,6,high_yoyo,0.3333446399124387,-1729.060103109533,3282.8257156913037,-20439.48461044729,1731.7613624212108,-3444.7090019314414,-20552.435008829987,blue,red,2306.2257774362333,104.30164473368612,110.30184825211002,69.69815174788998,75.6983552663139,False,False,0.5155687605463947,0.4831789165305472,20552.435008829987,20439.48461044729,6264.38219069138,6229.954909264334,20.20577469562288,19.934996667868965,-0.0023443744151045967,3.686967475137264,3.74062458551269,3.7644898473578903,20552.435008829987,20.24960793443581,6,high_yoyo,True,False,none,not_done,1.0,1.0
ppo_shield,5.0,0,46,6,high_yoyo,0.353912044415391,-2213.241755256639,3341.350384562934,-20338.238044227834,2256.2099277213947,-3449.58241427256,-20492.01912166271,blue,red,2478.3897938220316,98.00475483016949,104.37517162964653,75.62482837035347,81.99524516983051,False,False,0.5090387494052155,0.48262450502998816,20492.01912166271,20338.238044227834,6245.967428282795,6199.094955880644,19.775828333476074,19.852213586432004,-0.0018519841347679998,3.5320896823625714,3.601137667652456,3.685293598918206,20492.01912166271,20.20577469562288,6,high_yoyo,True,False,none,not_done,1.0,1.0
ppo_shield,5.0,0,47,6,high_yoyo,0.36913760392293804,-2696.0585328813295,3294.773298499815,-20226.5634522289,2762.4575173376857,-3340.634682190585,-20423.949313000943,blue,red,2619.560465342253,91.11491079055276,97.75938766116566,82.24061233883435,88.88508920944726,False,False,0.503840822730344,0.4817835002286923,20423.949313000943,20226.5634522289,6225.219750602688,6165.0565402393695,20.079510735831995,20.24213005470421,-0.002290086363133834,3.526708713775371,3.521086585209783,3.5312846191460996,20423.949313000943,20.079510735831995,6,high_yoyo,True,False,none,not_done,1.0,1.0
ppo_shield,5.0,0,48,6,high_yoyo,0.41177646837036275,-3155.0112984596667,3145.1318495131172,-20107.5959995824,3226.4413767515352,-3125.5750460558424,-20348.51340332767,blue,red,2727.9641618198652,84.42140979368402,91.83338622435056,88.16661377564944,95.578590206316,False,False,0.498546528437167,0.48149074015178,20348.51340332767,20107.5959995824,6202.226885334274,6128.795260672716,20.11032739295638,19.848839861962976,-0.002692062035340605,3.4611979641380004,3.5060528900051695,3.5271092827135155,20348.51340332767,20.221477264235535,6,high_yoyo,True,False,none,not_done,1.0,1.0
ppo_shield,5.0,0,49,6,high_yoyo,0.3991065725716211,-3570.122863615724,2900.4440251660308,-19982.39122137488,3627.7303210068208,-2817.5059041347913,-20266.4561919321,blue,red,2803.244369943817,78.2787568545982,85.4626751608874,94.53732483911261,101.7212431454018,False,False,0.49503821047096697,0.4822728232464797,20266.4561919321,19982.39122137488,6177.215847300904,6090.632844275064,19.7925019060984,19.952233276007124,-0.002745530861129817,3.376430422250058,3.407705949915291,3.4599411233027713,20266.4561919321,20.11032739295638,6,high_yoyo,True,False,none,not_done,1.0,1.0
ppo_shield,5.0,0,50,6,high_yoyo,0.40201836269691954,-3921.4706289468977,2571.601958130403,-19852.336121731718,3950.3173505542395,-2433.0269768859753,-20178.516680820587,blue,red,2844.9084101362273,71.47577435945821,78.71210488800277,101.28789511199723,108.52422564054179,False,False,0.49199245929814683,0.4821845536481206,20178.516680820587,19852.336121731718,6150.411884314115,6050.992049903828,20.14708668809084,20.200048549622057,-0.003272032822718901,3.4068002645918174,3.3904660286151564,3.4068018358897354,20178.516680820587,20.14708668809084,6,high_yoyo,True,False,none,not_done,1.0,1.0
ppo_shield,5.0,0,51,6,high_yoyo,0.4202145712420472,-4191.40827003078,2173.9231565845394,-19718.854423000415,4179.5931316273845,-1991.0979172878456,-20086.1161307904,blue,red,2852.054271867141,65.05778221378752,72.6216444961444,107.37835550385562,114.9422177862125,False,False,0.4888553377667675,0.4827541040962929,20086.1161307904,19718.854423000415,6122.248196664915,6010.306828130527,20.016885908527147,19.802906867251917,-0.003281544734881015,3.349641751657906,3.3868806803022853,3.407051118604462,20086.1161307904,20.200525179559754,6,high_yoyo,True,False,none,not_done,1.0,1.0
ppo_shield,5.0,0,52,6,high_yoyo,0.39331487599904374,-4367.836037926928,1726.2732479990505,-19582.517957261563,4307.053779230781,-1513.0033995222493,-19989.806654030403,blue,red,2825.16077609247,58.81843825145002,65.8981060194328,114.1018939805672,121.18156174855,False,False,0.48711206656423184,0.48372048217355873,19989.806654030403,19582.517957261563,6092.893068148467,5968.751473373325,19.840430957483154,20.048340417184814,-0.0031951102962728753,3.3165638422260137,3.32133088688434,3.3487527014516805,19989.806654030403,20.016885908527147,6,high_yoyo,True,False,none,not_done,1.0,1.0
ppo_shield,5.0,0,53,6,high_yoyo,0.398391461278391,-4440.565426423929,1250.2997530053524,-19444.908997221402,4328.412861184034,-1020.9535506913815,-19889.95240792932,blue,red,2764.313110896147,51.95834366239791,59.12938996540894,120.87061003459105,128.0416563376021,False,False,0.4852009818406081,0.48366772764391486,19889.95240792932,19444.908997221402,6062.457493936857,5926.808262353084,20.175303403679774,20.126172174933956,-0.0035424224179092514,3.3572324559931337,3.3411554744087835,3.3573095401157973,19889.95240792932,20.175303403679774,6,high_yoyo,True,False,none,not_done,1.0,1.0
ppo_shield,5.0,0,54,6,high_yoyo,0.4038652983277051,-4405.278672741311,769.6216372512063,-19307.108372815044,4242.658660930571,-538.5161029283031,-19787.337407252766,blue,red,2669.8925405139194,45.571950751333866,52.84152612123257,127.15847387876744,134.42804924866613,False,False,0.48338482523487786,0.48434721284990134,19787.337407252766,19307.108372815044,6031.180441730643,5884.806632034026,19.938171555215998,19.801520571251327,-0.0033015591807114635,3.3052024569511893,3.335680990131022,3.35717999240712,19787.337407252766,20.18367332354472,6,high_yoyo,True,False,none,not_done,1.0,1.0
ppo_shield,5.0,0,55,6,high_yoyo,0.3792550489146487,-4263.7457365613245,307.6905099078584,-19169.470955575856,4055.211803602876,-87.58380025923002,-19681.87212684268,blue,red,2543.2788761505662,39.03828247141612,45.864873351879815,134.1351266481202,140.9617175285839,False,False,0.4826095291025418,0.4848242671469591,19681.87212684268,19169.470955575856,5999.03462426165,5842.854747259521,19.90786482801216,20.11949384988433,-0.0033329010337933714,3.3105448084970477,3.2970946651070405,3.3105464862007383,19681.87212684268,19.938171555215998,6,high_yoyo,True,False,none,not_done,1.0,1.0
ppo_shield,5.0,0,56,6,high_yoyo,0.39997557223360686,-4021.6358093392714,-111.17410597415375,-19033.5893824297,3775.180970435757,310.8141617194926,-19573.774076206628,blue,red,2385.636430793274,32.00243716365205,39.20199746385696,140.79800253614303,147.99756283634795,False,False,0.4813384650927791,0.48442103123891933,19573.774076206628,19033.5893824297,5966.086338427781,5801.438043764573,20.167547629344213,20.04113004291009,-0.0036436062279293848,3.3465893402699494,3.3362803703015813,3.3481256699293787,19573.774076206628,20.169105180345774,6,high_yoyo,True,False,none,not_done,1.0,1.0
ppo_shield,5.0,0,57,6,high_yoyo,0.41325598816919107,-3691.177325744392,-466.33634599483185,-18901.756497915772,3415.8774777953854,637.1498843055256,-19463.549833993526,blue,red,2198.8636538758783,25.406197164014007,32.844804951059444,147.15519504894056,154.593802835986,False,False,0.4804131469330873,0.4846236587423427,19463.549833993526,18901.756497915772,5932.489989401227,5761.255380564728,19.883705944669433,19.841150775037235,-0.0018518847590115132,3.3026976045504695,3.32487256296784,3.34638649485558,19463.549833993526,20.167547629344213,6,high_yoyo,True,False,none,not_done,1.0,1.0
ppo_shield,5.0,0,58,6,high_yoyo,0.4150350019252402,-3288.8664841851323,-741.5543736037432,-18778.053725739548,2994.7630359236296,877.016673027036,-19351.230072648937,blue,red,1985.469710448709,18.447047880833175,25.917677915487506,154.0823220845125,161.55295211916683,False,False,0.48013995105195645,0.48389901390683565,19351.230072648937,18778.053725739548,5898.254926143396,5723.550775605415,19.981561142921407,20.15651907158427,-0.00043899733855021575,3.3352339959447783,3.310852103368632,3.335234024836104,19351.230072648937,19.981561142921407,6,high_yoyo,True,False,none,not_done,1.0,1.0
ppo_shield,5.0,0,59,6,high_yoyo,0.44991685108212975,-2834.5226402372605,-923.8667127618063,-18668.36368603421,2531.8577931742093,1018.9768121633293,-19238.789524381693,blue,red,1748.2363399223761,11.342818001130155,19.4413213206085,160.5586786793915,168.65718199886985,False,False,0.47913920620062866,0.48211392002101894,19238.789524381693,18668.36368603421,5863.98304703154,5690.117251503227,20.133213578814974,19.96386607533088,0.0004865248718222831,3.355622632303406,3.3548344851918173,3.3617906546167173,19238.789524381693,20.15756633001463,6,high_yoyo,True,False,none,not_done,1.0,1.0
ppo_shield,5.0,0,60,6,high_yoyo,0.4252916481058149,-2350.1182490766405,-1006.359288419668,-18575.34668784988,2049.05427408763,1057.0927896755684,-19130.278577946967,blue,red,1490.671533089492,5.405828739967371,13.061078405872065,166.93892159412795,174.59417126003265,False,False,0.4783877871742785,0.48027723743855366,19130.278577946967,18575.34668784988,5830.908910558236,5661.765670456643,19.862338294603617,19.89912434070613,0.001574702461354078,3.3158901505339475,3.3328715392526203,3.35525573208458,19130.278577946967,20.133213578814974,6,high_yoyo,True,False,none,not_done,1.0,1.0
ppo_shield,5.0,0,61,6,high_yoyo,0.043800508999847124,-1858.6277709285102,-985.813442246801,-18499.592390002996,1567.5863333249415,992.3630833905993,-19031.21000072886,blue,red,1216.7111580209305,6.38715181434333,7.175560976340577,172.8244390236594,173.61284818565667,False,False,0.47733204672366125,0.47702765241408573,19031.21000072886,18499.592390002996,5800.712808222157,5638.675760472914,20.04989884270753,20.154882688318324,0.0028667902761505965,3.3464764198472876,3.3276586685020897,3.3464776477783933,19031.21000072886,20.04989884270753,6,high_yoyo,True,False,none,not_done,1.0,1.0
ppo_shield,5.0,0,62,6,high_yoyo,9.589162328040159,-1383.2734334263805,-864.2353483683672,-18442.48904168601,1108.023048590068,830.2605660677864,-18949.547138764334,blue,red,931.2616445772892,13.895196768193436,6.500118672916289,173.49988132708373,166.10480323180656,False,False,0.4749021634721666,0.4730571012206747,18949.547138764334,18442.48904168601,5775.821967895369,5621.2706599058965,19.444710083744425,19.91325651070268,0.004813625146741109,3.2197355627986526,3.3313440977187674,3.3574275963196785,18949.547138764334,20.14731238745281,6,high_yoyo,True,False,none,not_done,1.0,1.0
ppo_shield,5.0,0,63,6,high_yoyo,9.454501715665634,-943.1666167994254,-651.4480296815606,-18406.782616260818,683.6703042209396,584.4956477800316,-18891.863682248313,blue,red,640.0407218337424,20.638289567974898,10.819320449956315,169.1806795500437,159.3617104320251,False,False,0.47732491674056954,0.4699192221922294,18891.863682248313,18406.782616260818,5758.240050349286,5610.387341436298,15.785954802322918,18.2329600631431,0.010768554273352639,2.6961707082160786,2.9682325835009102,3.215317522786363,18891.863682248313,19.444710083744425,6,high_yoyo,True,False,none,not_done,1.0,1.0
ppo_shield,5.0,0,64,6,high_yoyo,9.136527120506518,-544.8535966434553,-365.9004928469108,-18396.22277669142,290.2881838584731,276.53471014727324,-18859.8835343689,blue,red,350.8731359106199,32.21393579987622,16.671423968993555,163.32857603100646,147.78606420012377,False,False,0.4871134943147927,0.473212841214853,18859.8835343689,18396.22277669142,5748.49250127564,5607.168702335544,10.864082233863083,14.261242613858391,0.026678724165875866,1.9633563770041562,2.347147634173109,2.690271678076415,18859.8835343689,15.785954802322918,6,high_yoyo,True,False,none,not_done,1.0,1.0
ppo_shield,5.0,0,65,6,high_yoyo,8.888897578650523,-174.44853456850325,-34.88661102222744,-18416.57250057651,-95.07874418720641,-63.24903945251534,-18852.50968250379,blue,red,135.3343638276354,89.96651626858055,69.96667268428995,110.03332731571005,90.03348373141947,False,False,0.5016940918937767,0.48203467342325934,18852.50968250379,18416.57250057651,5746.244951227156,5613.37129817572,7.094921595867227,11.086882343164929,-0.0029758491393199263,1.3555152894627553,1.6041341420445763,1.9554224318975857,18852.46151787695,10.864082233863083,6,high_yoyo,True,False,none,not_done,1.0,1.0
ppo_shield,5.0,0,66,6,high_yoyo,9.061788797568878,197.72147304132955,301.53629160140895,-18476.40768016921,-509.6903595436355,-390.6704709706613,-18855.9704747728,blue,red,323.0951336903409,152.42147872538536,135.53367708162517,44.46632291837483,27.578521274614655,False,False,0.5137830133007741,0.4868550489100332,18855.9704747728,18476.40768016921,5747.29980071075,5631.609060915575,11.904243401367657,14.923777919197239,-0.007142634107275135,2.511053120221869,2.038826029713659,2.511063278732333,18852.50968250379,11.904243401367657,6,high_yoyo,True,False,none,not_done,1.0,1.0
ppo_shield,5.0,0,67,6,high_yoyo,9.712227229270999,598.6283857068081,591.5957811796396,-18576.622378573946,-976.2739517701901,-657.0367019102196,-18847.456091041633,blue,red,618.1319464322843,149.31419756629944,144.13428769317744,35.86571230682256,30.685802433700555,False,False,0.5201167221686411,0.4824649276729492,18847.456091041633,18576.622378573946,5744.70461654949,5662.154500989339,15.228376487326253,17.629243902445303,-0.011853000362309104,3.216160004953681,2.8884240634848393,3.216181846706005,18847.456091041633,15.228376487326253,6,high_yoyo,True,False,none,not_done,1.0,1.0
ppo_shield,5.0,0,68,6,high_yoyo,10.147684453033635,1039.8965336682322,793.8942433085969,-18681.003872928206,-1488.392855402131,-827.5140849607938,-18812.244417389953,blue,red,916.3504828826092,141.57858099756066,144.23690115216613,35.76309884783388,38.42141900243933,False,False,0.5211328069424637,0.47285696625664153,18812.244417389953,18681.003872928206,5733.972098420458,5693.969980468518,17.494439674967648,19.139426096934862,-0.006389076319948516,3.6161532358951973,3.4380996032240176,3.616158880050976,18812.244417389953,17.494439674967648,6,high_yoyo,True,False,none,not_done,1.0,1.0
ppo_shield,5.0,0,69,6,high_yoyo,0.30995766210987247,1510.4134597903155,892.9954667717243,-18750.0342080828,-2022.4232447068516,-881.0166206651064,-18755.73531342076,blue,red,1204.9467837628933,133.69641083456256,139.2756487525403,40.72435124745972,46.303589165437444,False,False,0.5180046885915051,0.46315231334594104,18755.73531342076,18750.0342080828,5716.748123530648,5715.0104266236385,18.941005583207218,19.924961720346715,0.00023562247695005497,3.8194677341704373,3.7322206032836456,3.8194677414381975,18755.73531342076,18.941005583207218,6,high_yoyo,True,False,none,not_done,1.0,1.0
ppo_shield,5.0,0,70,6,high_yoyo,0.3435454645792699,1986.7348204659056,887.1853690499595,-18767.33905037703,-2548.874664248452,-810.9383176769318,-18691.46633580137,blue,red,1476.3504603542187,126.01183217605964,132.1956505384865,47.804349461513496,53.988167823940344,False,False,0.5120384950659955,0.4558279709148279,18691.46633580137,18767.33905037703,5697.158939152258,5720.284942554919,19.86220904703931,20.21852015229874,0.004917624869676493,3.8896157568447034,3.8638688071358334,3.889618865509698,18691.46633580137,19.86220904703931,6,high_yoyo,True,False,none,not_done,1.0,1.0
ppo_shield,5.0,0,71,6,high_yoyo,0.39710621634252485,2444.36298322462,779.6957160575857,-18736.674021449453,-3038.3186919182845,-622.8822535238027,-18630.437074280573,blue,red,1725.240956609035,118.59924927219282,125.74716116635827,54.25283883364173,61.40075072780719,False,False,0.5042510676620441,0.45245714821687494,18630.437074280573,18736.674021449453,5678.557220240719,5710.938241737794,20.264498648905732,19.82289358875104,0.006890523884798088,3.840978871022823,3.880391046793596,3.892184252279325,18630.437074280573,20.274394513868504,6,high_yoyo,True,False,none,not_done,1.0,1.0
ppo_shield,5.0,0,72,6,high_yoyo,0.3998720626957418,2863.242355154651,578.0502101408225,-18670.63894612116,-3465.6350559039647,-331.33302968107364,-18576.63370741298,blue,red,1949.064427435453,112.06312447838653,119.26082160690989,60.739178393090114,67.93687552161347,False,False,0.49730551814432467,0.45202891234597486,18576.63370741298,18670.63894612116,5662.157954019477,5690.8107507777295,19.79575295097687,20.017557654169543,0.005990961064414231,3.660927923412686,3.7477166591267745,3.8394300359200533,18576.63370741298,20.264498648905732,6,high_yoyo,True,False,none,not_done,1.0,1.0
ppo_shield,5.0,0,73,6,high_yoyo,0.44464734198347444,3224.9530316010823,291.97698303308744,-18581.92528665157,-3812.5738440937503,44.52203539607126,-18527.775808685765,blue,red,2146.4272806790673,104.90006325857232,112.90371541427486,67.09628458572513,75.09993674142768,False,False,0.4915038377297554,0.45213847935477774,18527.775808685765,18581.92528665157,5647.266066487421,5663.770827371399,20.002375667511917,20.15604247084971,0.004885936925188414,3.6284460727017906,3.631689586455589,3.6596499711190105,18527.775808685765,20.002375667511917,6,high_yoyo,True,False,none,not_done,1.0,1.0
ppo_shield,5.0,0,74,6,high_yoyo,0.5288015574112749,3513.9390040313533,-64.97188801222556,-18479.14845127968,-4062.4815021403724,483.6052459552892,-18479.97825284126,blue,red,2315.3384281372173,97.55321122980627,107.07163926320924,72.92836073679078,82.44678877019373,False,False,0.4850333397694202,0.45370966411506153,18479.97825284126,18479.14845127968,5632.697371466017,5632.444447950047,20.177793904085373,19.79577385770255,0.0037123612094883446,3.5634089773731454,3.6101015371377776,3.6293040356823347,18479.97825284126,20.23561697212831,6,high_yoyo,True,False,none,not_done,1.0,1.0
ppo_shield,5.0,0,75,6,high_yoyo,0.5276507662619738,3718.219528943951,-476.3528535334216,-18366.45912877905,-4204.47001415628,961.879489705641,-18428.94566656689,blue,red,2454.3768320948116,90.93835130276672,100.43606509548226,79.56393490451775,89.0616486972333,False,False,0.48016045086821885,0.45577392486353063,18428.94566656689,18366.45912877905,5617.142639169589,5598.096742451855,19.779493124251644,20.096813529694813,0.0025552610540024714,3.4367795882747147,3.4912361624175055,3.56194724740563,18428.94566656689,20.177793904085373,6,high_yoyo,True,False,none,not_done,1.0,1.0
ppo_shield,5.0,0,76,6,high_yoyo,0.5630212913544177,3826.2732271191717,-922.9030021174315,-18246.306633528027,-4235.1849062037245,1454.8484789908869,-18371.109053249216,blue,red,2562.0681022438375,83.70091504741376,93.8352982917933,86.16470170820672,96.29908495258624,False,False,0.4763012318643762,0.45726684543884016,18371.109053249216,18246.306633528027,5599.514039430362,5561.474261899343,20.095843251719128,20.081080092528392,0.002595391502002848,3.44703299869637,3.4356734435443337,3.4470339757766735,18371.109053249216,20.095843251719128,6,high_yoyo,True,False,none,not_done,1.0,1.0
ppo_shield,5.0,0,77,6,high_yoyo,0.601046684980284,3831.857586652526,-1382.9372326270443,-18119.786893854813,-4154.392417810966,1936.981825640815,-18305.38882659865,blue,red,2636.7666432769893,76.71323516646012,87.53207549610525,92.46792450389476,103.28676483353989,False,False,0.4723860302228231,0.4597455463875287,18305.38882659865,18119.786893854813,5579.482514347269,5522.911045246947,20.088386065832537,19.808378948513948,0.002749378013513352,3.3912237139873964,3.430120550312575,3.4479720465678203,18305.38882659865,20.21243381245354,6,high_yoyo,True,False,none,not_done,1.0,1.0
ppo_shield,5.0,0,78,6,high_yoyo,0.5715911937269802,3733.8990544794297,-1833.9446678563831,-17987.8572481297,-3968.5964786152804,2384.582462779526,-18231.760988867278,blue,red,2677.801099469202,70.21886179150286,80.50750327858852,99.4924967214115,109.78113820849715,False,False,0.47020015660202613,0.4619660299888749,18231.760988867278,17987.8572481297,5557.040749406747,5482.698889229933,19.8032142369822,20.15231483443337,0.002855365641084256,3.328576351306466,3.348727632232044,3.3901499699450635,18231.760988867278,20.088386065832537,6,high_yoyo,True,False,none,not_done,1.0,1.0
ppo_shield,5.0,0,79,6,high_yoyo,0.5959753384105093,3535.1231050671054,-2251.8366171835237,-17852.683581968835,-3689.14104272639,2776.9560037610427,-18150.904315416778,blue,red,2684.4503320077465,63.08837826001875,73.8159343514079,106.1840656485921,116.91162173998127,False,False,0.4683785904155373,0.46358457276944404,18150.904315416778,17852.683581968835,5532.395635339034,5441.497955784102,20.15307525803743,19.999299950027982,0.0035328801591609548,3.371297084055267,3.3499879961486605,3.3712989351586375,18150.904315416778,20.15307525803743,6,high_yoyo,True,False,none,not_done,1.0,1.0
ppo_shield,5.0,0,80,6,high_yoyo,0.5999533575467415,3244.9704984493505,-2614.801918008827,-17715.715248289038,-3330.5994150189895,3094.3015493915227,-18064.50008487248,blue,red,2656.374107718465,56.37659477109075,67.1757552069321,112.8242447930679,123.62340522890925,False,False,0.46651829743034195,0.4658996190112557,18064.50008487248,17715.715248289038,5506.059625869132,5399.750007678499,20.001829556724875,19.856686440572567,0.0036769342527635395,3.3264697615041827,3.3566005325325716,3.3721991396500046,18064.50008487248,20.19430519237739,6,high_yoyo,True,False,none,not_done,1.0,1.0
ppo_shield,5.0,0,81,6,high_yoyo,0.5617018875360235,2877.536311971853,-2903.07060524814,-17578.318161180203,-2911.725990332926,3322.291890428689,-17973.51541590109,blue,red,2593.9693633919223,49.78730754279182,59.89794151844028,120.10205848155975,130.2126924572082,False,False,0.46593880980884056,0.46737977872990527,17973.51541590109,17578.318161180203,5478.327498766652,5357.871375527726,19.853266428737086,20.171091801230215,0.0037305737746761245,3.312668725561669,3.3081434354338546,3.325768001455181,17973.51541590109,20.001829556724875,6,high_yoyo,True,False,none,not_done,1.0,1.0
ppo_shield,5.0,0,82,6,high_yoyo,0.5829994025514099,2451.5574268501878,-3098.8808558516366,-17442.173421661264,-2453.6106551470243,3450.4718848140105,-17878.7490484638,blue,red,2497.59922505156,42.58323933086373,53.0772285767891,126.9227714232109,137.41676066913627,False,False,0.46507177185915677,0.4684158255327459,17878.7490484638,17442.173421661264,5449.442709971767,5316.374458922353,20.173260323215494,19.928810386661553,0.004147869198350756,3.3633202296500047,3.343023620154628,3.3633227873624985,17878.7490484638,20.173260323215494,6,high_yoyo,True,False,none,not_done,1.0,1.0
ppo_shield,5.0,0,83,6,high_yoyo,0.5701200628529859,1989.6524243141332,-3191.062061161969,-17307.64589296779,-1979.8208137859604,3471.7114020260847,-17781.224370968783,blue,red,2368.3086427835287,35.823434824553374,46.085595955907145,133.91440404409286,144.17656517544665,False,False,0.46426471989467555,0.4698563468443543,17781.224370968783,17307.64589296779,5419.7171882712855,5275.370468176583,19.92994358729209,19.924719531252418,0.003906012741791935,3.3229626521571634,3.346922351198598,3.363353057400896,17781.224370968783,20.178096906070785,6,high_yoyo,True,False,none,not_done,1.0,1.0
ppo_shield,5.0,0,84,6,high_yoyo,0.5505044832026722,1516.9525346201754,-3173.0185085965386,-17175.678613324028,-1514.053252794221,3385.8934951701094,-17680.95863157072,blue,red,2207.6786385368314,28.834545893731732,38.743626591379865,141.25637340862016,151.1654541062683,False,False,0.46434641347744415,0.47023586719127464,17680.95863157072,17175.678613324028,5389.156190902756,5235.146841341164,19.919764252378116,20.154032219086716,0.003525108265943594,3.342620221445288,3.3226137292175273,3.3426220802243307,17680.95863157072,19.92994358729209,6,high_yoyo,True,False,none,not_done,1.0,1.0
ppo_shield,5.0,0,85,6,high_yoyo,0.590230271084008,1059.7564989797884,-3044.514793528422,-17049.025827469628,-1080.2197178338647,3197.1607413940696,-17578.244303561376,blue,red,2017.6305905931551,21.350792602430605,31.974937481942767,148.02506251805724,158.6492073975694,False,False,0.4638391081638804,0.4704012123809365,17578.244303561376,17049.025827469628,5357.848863725508,5196.543072212743,20.16020119986903,19.88781216825678,0.0017651849916913512,3.384755845519108,3.3718052612339426,3.385590812537223,17578.244303561376,20.16320576810776,6,high_yoyo,True,False,none,not_done,1.0,1.0
ppo_shield,5.0,0,86,6,high_yoyo,0.585639910703238,641.5863826279636,-2813.330454864379,-16931.727754205836,-701.3168925648375,2914.877597189428,-17474.315863583408,blue,red,1800.9052879678216,14.36659964198786,24.90811803464616,155.09188196535385,165.63340035801215,False,False,0.4635900256131515,0.4703789147969159,17474.315863583408,16931.727754205836,5326.171475220223,5160.790619481939,19.88406417874754,19.9970175101014,0.00020541573705973228,3.349176861751202,3.366845077624878,3.384607014841807,17474.315863583408,20.16020119986903,6,high_yoyo,True,False,none,not_done,1.0,1.0
ppo_shield,5.0,0,87,6,high_yoyo,0.5744363997941022,283.8719433142105,-2492.2259285367554,-16829.734305648657,-395.372016873162,2554.066635674746,-17371.599814638354,blue,red,1560.744441454356,7.347083337882492,17.68693853417635,162.31306146582367,172.65291666211752,False,False,0.4636901881838512,0.4687681725995446,17371.599814638354,16829.734305648657,5294.86362350177,5129.703016361711,19.99257846199372,20.110558899005493,-0.0008124760224008352,3.38617458041027,3.360658908569929,3.3861746778826927,17371.599814638354,19.99257846199372,6,high_yoyo,True,False,none,not_done,1.0,1.0
ppo_shield,5.0,0,88,6,high_yoyo,0.3494688613019959,4.819197079075913,-2098.720637979361,-16746.44433536505,-177.05455617264366,2133.132983551815,-17275.385705739747,blue,red,1301.0869936921647,4.7949101878881955,11.085349691324131,168.91465030867587,175.2050898121118,False,False,0.46267424065090956,0.46666024241945164,17275.385705739747,16746.44433536505,5265.537563109475,5104.3162334192675,20.124866797247527,19.87237748654015,-0.0020030582581692263,3.399125844796058,3.402552713082578,3.408561654805766,17275.385705739747,20.152347668122935,6,high_yoyo,True,False,none,not_done,1.0,1.0
ppo_shield,5.0,0,89,6,high_yoyo,-0.2995219792638659,-182.53380933012843,-1653.5902821439686,-16682.058849860114,-54.9542430898251,1673.4033759662777,-17192.883539065413,blue,red,1026.6877159887974,11.479710650100836,6.088315023351256,173.91168497664873,168.52028934989917,False,False,0.4613299255486148,0.46378462634024364,17192.883539065413,16682.058849860114,5240.390902707139,5084.691537437363,19.62114171085257,20.051541275717458,-0.004212935905603685,3.316469630440316,3.3721777342323085,3.398665179356542,17192.883539065413,20.124866797247527,6,high_yoyo,True,False,none,not_done,1.0,1.0
ppo_shield,5.0,0,90,6,high_yoyo,9.502990767629637,-269.95930573654664,-1180.063107099876,-16638.25377291084,-27.099802095321298,1195.2225797931494,-17130.95971125204,blue,red,743.0947721185897,17.931757903006385,8.985591720339862,171.01440827966013,162.06824209699363,False,False,0.4636867185704192,0.4594216323779374,17130.95971125204,16638.25377291084,5221.516519989622,5071.3397499832245,16.394839588133127,19.813534988799756,-0.008549161528474165,2.8395442447848054,3.0896316957905716,3.3122747929112517,17130.95971125204,19.62114171085257,6,high_yoyo,True,False,none,not_done,1.0,1.0
ppo_shield,5.0,0,91,6,high_yoyo,9.337102703906233,-260.72877383017374,-700.0330340170249,-16618.454117992693,-76.28148428407391,709.4723849604817,-17092.77260042839,blue,red,456.7633536068501,26.258672897273456,14.326521567585672,165.67347843241433,153.74132710272656,False,False,0.47341337281839274,0.4590969079522383,17092.77260042839,16618.454117992693,5209.877088610574,5065.304815164173,11.708479800425303,16.34077635252961,-0.025407500578505215,2.1487469796668033,2.5165488926911777,2.833977963269308,17092.77260042839,16.394839588133127,6,high_yoyo,True,False,none,not_done,1.0,1.0
ppo_shield,5.0,0,92,6,high_yoyo,8.986469463088486,-178.515261748641,-222.47925418605377,-16627.60707132435,-169.20485783567474,215.00211177367743,-17079.25833672523,blue,red,191.67667222358153,52.60805477257947,34.36450510817224,145.6354948918278,127.39194522742055,False,False,0.48851473034867654,0.4662680153716965,17079.25833672523,16627.60707132435,5205.75794103385,5068.094635339662,6.879737149766607,12.07654900270069,0.014956921596734547,1.4243064539090364,1.7565493401416454,2.1407193779581606,17079.25833672523,11.708479800425303,6,high_yoyo,True,False,none,not_done,1.0,1.0
ppo_shield,5.0,0,93,6,high_yoyo,8.851425228548381,-66.9159971091612,255.2503128480415,-16677.300464602868,-251.56231364468107,-298.52726858768784,-17078.753156003473,blue,red,215.94131062620704,142.03728652298886,121.36294063685972,58.63705936314028,37.962713477011135,False,False,0.504105210209092,0.47251164485301334,17078.753156003473,16677.300464602868,5205.603961949859,5083.241181610954,9.922869549160547,14.87838709905929,0.004725717261592852,2.2265701466093075,1.684311804413859,2.2265751615823413,17078.753156003473,9.922869549160547,6,high_yoyo,True,False,none,not_done,1.0,1.0
ppo_shield,5.0,0,94,6,high_yoyo,9.43048849050629,18.296989243384814,730.2035423185749,-16782.821719810592,-266.6286699126698,-831.2406852165701,-17066.41479341657,blue,red,491.44836476292517,149.89647152248253,139.64526435159576,40.35473564840426,30.1035284775175,False,False,0.5141850080626642,0.4684701199354449,17066.41479341657,16782.821719810592,5201.843229033371,5115.404060198269,13.71594414505859,17.67609735148849,0.01431457679266486,3.087196018736115,2.6789639763573305,3.0872292051625956,17066.41479341657,13.71594414505859,6,high_yoyo,True,False,none,not_done,1.0,1.0
ppo_shield,5.0,0,95,6,high_yoyo,10.065028382737276,19.5474544212135,1196.0065067424528,-16917.15186097999,-179.16375144789274,-1363.2150996093476,-17026.57743696347,blue,red,783.1091657402759,143.01443493547416,144.18494582474514,35.81505417525486,36.98556506452586,False,False,0.5188981145085851,0.4572856612273771,17026.57743696347,16917.15186097999,5189.700802786466,5156.3478872267015,16.4579415654085,19.313207929294,0.008290903600503385,3.682401837101345,3.417546185251972,3.6824111705470743,17026.57743696347,16.4579415654085,6,high_yoyo,True,False,none,not_done,1.0,1.0
ppo_shield,5.0,0,96,6,high_yoyo,0.4049638827035782,-85.65980222667005,1642.529405786125,-17026.78513331713,24.740617214969888,-1862.3554166962622,-16966.93925532265,blue,red,1068.9743783069862,134.90508557938062,142.19443546804504,37.80556453195495,45.09491442061939,False,False,0.5180160022242993,0.44539542221878636,16966.93925532265,17026.78513331713,5171.523085022344,5189.764108635062,18.25565127552256,20.055531049267866,0.00015212055210703262,3.998436413669924,3.860279656085316,3.998436416563638,16966.93925532265,18.25565127552256,6,high_yoyo,True,False,none,not_done,1.0,1.0
ppo_shield,5.0,0,97,6,high_yoyo,0.5097723223606154,-288.5420933571588,2052.588676785673,-17079.16065122412,339.2876995976649,-2295.927709191204,-16904.638560050178,blue,red,1340.2268799708877,126.7555790349857,135.93148083747678,44.06851916252322,53.244420965014314,False,False,0.5128305095942463,0.43687996593859085,16904.638560050178,17079.16065122412,5152.5338331032945,5205.7281664931115,19.397518074556448,20.11015496230203,-0.005346381134184783,4.127575693389308,4.076617438630328,4.127579155927777,16904.638560050178,19.397518074556448,6,high_yoyo,True,False,none,not_done,1.0,1.0
ppo_shield,5.0,0,98,6,high_yoyo,0.5740197072404286,-573.4950774040603,2406.3506490342693,-17070.736028456744,744.6271334395062,-2636.9534903775143,-16852.395170717296,blue,red,1590.2276724276423,118.56935243223391,128.90170716256162,51.09829283743838,61.430647567766094,False,False,0.5046699118158766,0.4335977848053006,16852.395170717296,17070.736028456744,5136.610048034632,5203.1603414736155,20.11573711005734,19.832157762441255,-0.007532471879102622,4.129130407823587,4.136747437174912,4.140923436499708,16852.395170717296,20.11573711005734,6,high_yoyo,True,False,none,not_done,1.0,1.0
ppo_shield,5.0,0,99,6,high_yoyo,0.6092957641351155,-925.3311373160203,2686.070721462717,-17014.27810020975,1213.0762721791052,-2866.1360265554276,-16813.790466991675,blue,red,1814.5197715929885,110.84758188057421,121.8149056350063,58.18509436499371,69.1524181194258,False,False,0.4952399979574876,0.43355415802227926,16813.790466991675,17014.27810020975,5124.8433343390625,5185.951964943933,20.102651618454615,20.12771465190961,-0.006704144044931682,3.9710377925568294,4.065928850945891,4.128627650241448,16813.790466991675,20.254833229463614,6,high_yoyo,True,False,none,not_done,1.0,1.0
ppo_shield,5.0,0,100,6,high_yoyo,0.6674571867783406,-1327.5986197456814,2877.2670299120086,-16926.609476814738,1714.6244350802694,-2974.5922547182417,-16784.3278760465,blue,red,2010.7474250303314,103.60310666039294,115.6173360224031,64.38266397759692,76.39689333960708,False,False,0.48755310956540926,0.43500554338271696,16784.3278760465,16926.609476814738,5115.863136618974,5159.230568533132,19.77225165129374,20.021428966091378,-0.004623913667691987,3.8014437528935328,3.870647634775654,3.968722198249493,16784.3278760465,20.102651618454615,6,high_yoyo,True,False,none,not_done,1.0,1.0
ppo_shield,5.0,0,101,6,high_yoyo,0.7821049745997004,-1761.6444851892973,2972.136013293877,-16821.112545299766,2220.0667334928503,-2960.8391871670233,-16756.525820608924,blue,red,2177.953095447782,95.58832307711435,109.66621261990896,70.33378738009102,84.41167692288565,False,False,0.48024385763644706,0.43812995905405905,16756.525820608924,16821.112545299766,5107.3890701216005,5127.075103807369,20.170566333165354,19.85072239620129,-0.00338844574937542,3.766628412932231,3.784231136593992,3.8007686794636566,16756.525820608924,20.170566333165354,6,high_yoyo,True,False,none,not_done,1.0,1.0
ppo_shield,5.0,0,102,6,high_yoyo,0.8228311646398733,-2207.1047900569106,2966.3985708548053,-16705.703332363166,2699.729716820286,-2828.0514695809916,-16724.157436690366,blue,red,2314.3337090564914,88.12021591239488,102.9311768759126,77.0688231240874,91.87978408760513,False,False,0.47332087902160935,0.44109562726520046,16724.157436690366,16705.703332363166,5097.5231867032235,5091.898375704293,19.996043128976467,20.16024266996361,-0.002172170849337193,3.6281563181798924,3.7048780643873513,3.765917387822369,16724.157436690366,20.21327377918412,6,high_yoyo,True,False,none,not_done,1.0,1.0
ppo_shield,5.0,0,103,6,high_yoyo,0.8609338725106408,-2640.902301636149,2858.2384103789,-16584.414294227314,3128.0892279818986,-2587.9597781507473,-16682.59169947664,blue,red,2418.3527486521084,80.89957089278323,96.39638059797478,83.60361940202523,99.10042910721677,False,False,0.4686339374651514,0.44381785216249237,16682.59169947664,16584.414294227314,5084.853950000481,5054.929476880486,19.844695584243222,19.95350482228624,-0.0018043574559137212,3.54420601855009,3.5712792623075216,3.6265621532273054,16682.59169947664,19.996043128976467,6,high_yoyo,True,False,none,not_done,1.0,1.0
ppo_shield,5.0,0,104,6,high_yoyo,0.9162098488459267,-3040.128531152339,2652.0231756736534,-16458.29316001665,3483.3528641529692,-2256.9832917187177,-16629.93448131028,blue,red,2488.997896528957,73.17276942594074,89.66454670516744,90.33545329483258,106.82723057405927,False,False,0.46443241111959027,0.4471528025898985,16629.93448131028,16458.29316001665,5068.804029903374,5016.487755173075,20.185603006448467,19.901814988990008,-0.002340134713320076,3.543547665167895,3.548740032493424,3.5523494435825915,16629.93448131028,20.185603006448467,6,high_yoyo,True,False,none,not_done,1.0,1.0
ppo_shield,5.0,0,105,6,high_yoyo,0.9045714582621606,-3382.1171990000876,2356.896696797696,-16328.21403522374,3746.70925578298,-1855.376921884832,-16566.745474289433,blue,red,2524.883299273381,66.12450423266901,82.40679048138792,97.5932095186121,113.87549576733099,False,False,0.46111912137122607,0.4496949133017651,16566.745474289433,16328.21403522374,5049.5440205634195,4976.839637936197,19.922409275371848,20.15979104829221,-0.002610975776821159,3.454325976470601,3.501329925701537,3.543040594420016,16566.745474289433,20.189475969323283,6,high_yoyo,True,False,none,not_done,1.0,1.0
ppo_shield,5.0,0,106,6,high_yoyo,0.9204649650102864,-3645.7032911562137,1987.478159793084,-16195.76322074982,3906.8951119402873,-1406.5469568344436,-16494.21244530367,blue,red,2525.433474497277,59.010136976660085,75.57850634684524,104.42149365315477,120.98986302333992,False,False,0.45941232677119354,0.45209496216911066,16494.21244530367,16195.76322074982,5027.435953328559,4936.468629684546,19.92140904247145,19.90158028288484,-0.0030640700495728665,3.4446809203739006,3.4376928196780896,3.453516866569916,16494.21244530367,19.922409275371848,6,high_yoyo,True,False,none,not_done,1.0,1.0
ppo_shield,5.0,0,107,6,high_yoyo,0.9381546017730108,-3815.3026943553314,1563.5676740503395,-16062.04691569589,3956.779292883363,-935.4761081645962,-16414.2739043817,blue,red,2490.694271700123,51.54653768729217,68.43332051920638,111.56667948079361,128.45346231270784,False,False,0.457558167925412,0.4547319178746249,16414.2739043817,16062.04691569589,5003.070686055542,4895.711899904108,20.16571745336143,19.96739215314804,-0.003706919694787464,3.4637874865532967,3.462397891176634,3.4694601333723036,16414.2739043817,20.169989528345273,6,high_yoyo,True,False,none,not_done,1.0,1.0
ppo_shield,5.0,0,108,6,high_yoyo,0.9075145581436772,-3879.0060155511756,1108.7363604558557,-15928.77591471572,3894.366883378149,-468.4634582149258,-16328.908640611211,blue,red,2420.676077069398,44.63632914796804,60.97159119455424,119.02840880544576,135.36367085203196,False,False,0.45640000416547405,0.4563024214296365,16328.908640611211,15928.77591471572,4977.051353658298,4855.090898805352,19.876139935931832,20.129283897377064,-0.0036624898148713593,3.4094728948171933,3.4353923173770466,3.4634050425299217,16328.908640611211,20.16571745336143,6,high_yoyo,True,False,none,not_done,1.0,1.0
ppo_shield,5.0,0,109,6,high_yoyo,0.9197213050312085,-3830.893715333486,649.6005730615917,-15797.437752613005,3724.7925080557766,-30.28133768630446,-16239.078625349606,blue,red,2316.1928361234927,37.34509049564615,53.90007398620788,126.09992601379211,142.65490950435387,False,False,0.4560334095954746,0.4578469545411716,16239.078625349606,15797.437752613005,4949.67116500656,4815.059026996444,19.993399980359435,19.875804014646256,-0.0038925674995103064,3.44128427099407,3.417413874537541,3.4412864725089256,16239.078625349606,19.993399980359435,6,high_yoyo,True,False,none,not_done,1.0,1.0
ppo_shield,5.0,0,110,6,high_yoyo,0.9210991716243854,-3672.7587649450556,213.05158387684412,-15668.455196213696,3457.4412144411035,354.66490613169464,-16145.861290271669,blue,red,2178.578605783887,29.82100368157122,46.400788770810166,133.59921122918985,150.17899631842877,False,False,0.45514824057324743,0.45925273103823877,16145.861290271669,15668.455196213696,4921.2585212748045,4775.745143805934,20.12193463372262,20.027118897709588,-0.00403027525956885,3.457207693958623,3.4584453891768088,3.464471532496835,16145.861290271669,20.15282322105518,6,high_yoyo,True,False,none,not_done,1.0,1.0
ppo_shield,5.0,0,111,6,high_yoyo,0.902222974904439,-3412.1656054523564,-173.78085484487042,-15542.961707755001,3107.3573088939706,664.669762920966,-16049.919147961593,blue,red,2009.4663107431406,22.64703270829803,38.88704625657795,141.11295374342205,157.352967291702,False,False,0.4549295661526808,0.45962538556823845,16049.919147961593,15542.961707755001,4892.015356298693,4737.494728523725,19.85999811406963,20.080524718862975,-0.0016508555387228655,3.4255576421929717,3.4370699235338633,3.4568347612311294,16049.919147961593,20.12193463372262,6,high_yoyo,True,False,none,not_done,1.0,1.0
ppo_shield,5.0,0,112,6,high_yoyo,0.9307442743253959,-3063.972561058435,-487.35889985954856,-15423.28924565043,2694.270968104645,883.3703974004644,-15951.79682313654,blue,red,1811.332506215897,14.995432863988153,31.748829801845293,148.2511701981547,165.00456713601184,False,False,0.4549629925993878,0.46005429058046177,15951.79682313654,15423.28924565043,4862.107671692018,4701.018562074251,20.053773504759846,19.881639993352774,-0.0003697174105223964,3.4749679402332494,3.4464969422198877,3.4749679599011953,15951.79682313654,20.053773504759846,6,high_yoyo,True,False,none,not_done,1.0,1.0
ppo_shield,5.0,0,113,6,high_yoyo,0.920017512046206,-2648.543292753369,-710.416041676723,-15313.692426028369,2241.2317352317564,998.2394628347498,-15854.395141124389,blue,red,1587.3544727117028,7.65717985928182,24.217495076113533,155.78250492388645,172.3428201407182,False,False,0.45431923063031376,0.4597805820958222,15854.395141124389,15313.692426028369,4832.4196390147135,4667.613451453447,20.069393518206766,20.072168880648483,0.0006964595842163694,3.474898173268108,3.4835892143232177,3.4882211757491244,15854.395141124389,20.139680085432506,6,high_yoyo,True,False,none,not_done,1.0,1.0
ppo_shield,5.0,0,114,6,high_yoyo,0.6835430893920725,-2189.9433455429894,-830.9415838969143,-15220.546738814577,1773.1147194255211,1004.2445988654728,-15762.522926227317,blue,red,1341.3789074381216,4.554132946041606,16.857908555098927,163.14209144490107,175.4458670539584,False,False,0.4539562005715208,0.45813226449013456,15762.522926227317,15220.546738814577,4804.416987914086,4639.222645990683,19.875144786246857,20.02723508012492,0.002060938827402983,3.450696576385368,3.4572219881329755,3.4744659349910156,15762.522926227317,20.069393518206766,6,high_yoyo,True,False,none,not_done,1.0,1.0
ppo_shield,5.0,0,115,6,high_yoyo,-0.06323519420155072,-1714.3191866071545,-843.6202042170886,-15147.093846035097,1314.0586403423126,903.768522089124,-15682.848172254291,blue,red,1078.125138171153,11.367688564156383,10.229455068528486,169.77054493147153,168.6323114358436,False,False,0.45274972839183913,0.4560269644108684,15682.848172254291,15147.093846035097,4780.132122903108,4616.834204271498,19.754345419200845,19.903201680848248,0.0037760945801421026,3.4287240331575712,3.466237985203685,3.4903856313713995,15682.848172254291,20.02295142959688,6,high_yoyo,True,False,none,not_done,1.0,1.0
ppo_shield,5.0,0,116,6,high_yoyo,9.454547018559746,-1247.9834375211105,-749.0162578386723,-15093.825111396172,883.8816213394917,707.0735390914589,-15622.691898650302,blue,red,803.2359768047638,17.418763875423064,7.600610209498467,172.39938979050154,162.58123612457695,False,False,0.4553537430863683,0.4527269463824286,15622.691898650302,15093.825111396172,4761.7964907086125,4600.5978939535535,16.291279160774504,20.091919023444667,0.006656820990725582,2.901463365019408,3.173107587168877,3.4235714198994556,15622.691898650302,19.754345419200845,6,high_yoyo,True,False,none,not_done,1.0,1.0
ppo_shield,5.0,0,117,6,high_yoyo,9.384073286255203,-815.8920300535136,-554.6506113975613,-15063.250590804366,485.0166058403076,435.0950998272653,-15584.372462549254,blue,red,522.9365986846617,24.379089671304286,13.292408823897947,166.70759117610206,155.62091032869571,False,False,0.4659988970202096,0.4486670294543882,15584.372462549254,15063.250590804366,4750.116726585013,4591.278780077171,11.418774096863755,19.02338433623432,0.024705462325536193,2.163881213614977,2.5567258301469127,2.895529565551422,15584.372462549254,16.291279160774504,6,high_yoyo,True,False,none,not_done,1.0,1.0
ppo_shield,5.0,0,118,6,high_yoyo,9.15011257674657,-430.5040611566423,-279.7557285385052,-15060.583442122192,101.42354189298922,116.12412705584305,-15567.753916291462,blue,red,254.4467999024514,42.44860417686521,27.15063055830348,152.84936944169652,137.5513958231348,False,False,0.48233259015289,0.4504454677792552,15567.753916291462,15060.583442122192,4745.051393685638,4590.465833158844,6.2259423540659995,15.484862351315186,-0.019865228366281476,1.3834679095786038,1.7478611556612407,2.155231023843523,15567.753916291462,11.418774096863755,6,high_yoyo,True,False,none,not_done,1.0,1.0
ppo_shield,5.0,0,119,6,high_yoyo,9.047500151471741,-81.85131876047515,44.78174133829886,-15098.553231692815,-304.67343540502134,-205.24026025640276,-15556.111823150753,blue,red,172.8300830059264,119.31613928607449,102.17114201256585,77.82885798743416,60.68386071392552,False,False,0.5012674154726016,0.4540041739765501,15556.111823150753,15098.553231692815,4741.50288369635,4602.03902501997,6.923043699313037,16.13886761966703,-0.0018013647298277707,1.7970184003958387,1.3074139512355196,1.7970193032563975,15556.111823150753,6.923043699313037,6,high_yoyo,True,False,none,not_done,1.0,1.0
ppo_shield,5.0,0,120,6,high_yoyo,9.700292653516474,248.94427389146546,376.44915787634676,-15197.430583278388,-755.7033957890629,-490.2255909679732,-15499.083684249681,blue,red,414.73376219674185,145.1011989018845,139.706466665181,40.293533334818996,34.89880109811551,False,False,0.5178416000229831,0.4544508060742835,15499.083684249681,15197.430583278388,4724.120706959303,4632.176841783253,11.501161552790306,11.878475953722099,-0.029827368276112445,2.8720640159361395,2.358355966639925,2.872218895476719,15499.083684249681,11.501161552790306,6,high_yoyo,True,False,none,not_done,1.0,1.0
ppo_shield,5.0,0,121,6,high_yoyo,10.270626487632605,564.7005906412153,712.4308483269629,-15338.214169478422,-1254.4910945833078,-696.6513338015936,-15384.014086864925,blue,red,701.5082162857183,141.33904817140402,146.2103249487909,33.789675051209095,38.66095182859598,False,False,0.5304032032107051,0.45921589396758744,15384.014086864925,15338.214169478422,4689.047493676429,4675.087678857023,14.871238769928787,11.986329116881407,-0.011594392547761342,3.7991220035464446,3.356402552409505,3.79913969574288,15384.014086864925,14.871238769928787,6,high_yoyo,True,False,none,not_done,1.0,1.0
ppo_shield,5.0,0,122,6,high_yoyo,10.406362476345299,829.2767506047431,1089.3752683889343,-15485.8313821434,-1792.327729573962,-785.7653761119739,-15248.664793519838,blue,red,985.0846698826695,131.08988444093433,138.40440901514972,41.59559098485029,48.910115559065694,False,False,0.5356702300595885,0.45851223948960396,15248.664793519838,15485.8313821434,4647.793029064846,4720.0814052773085,17.271793080147095,15.43773764153675,0.004588527800573398,4.385550800910103,4.125566433724552,4.385553201359051,15248.664793519838,17.271793080147095,6,high_yoyo,True,False,none,not_done,1.0,1.0
ppo_shield,5.0,0,123,6,high_yoyo,0.3517320455383176,1012.9114099484818,1519.4275719190312,-15594.381903429909,-2342.5113501073783,-742.6573644485946,-15136.692881961502,blue,red,1241.3022342023385,118.25598111973667,124.5871579394264,55.41284206057361,61.744018880263354,False,False,0.5328794438347129,0.45441356476949907,15136.692881961502,15594.381903429909,4613.663990421866,4753.167604165436,18.77149246235242,17.505926154467556,0.01162965186414061,4.663693376846629,4.548608100027051,4.663707877005763,15136.692881961502,18.77149246235242,6,high_yoyo,True,False,none,not_done,1.0,1.0
ppo_shield,5.0,0,124,6,high_yoyo,0.25163458840683284,1101.9277611047396,1984.332097221017,-15637.103203057632,-2867.575836516102,-569.6710892585388,-15070.138550488951,blue,red,1449.045615075393,104.05169649932884,108.58111909065185,71.41888090934816,75.94830350067116,False,False,0.5238086366513591,0.4504881765735915,15070.138550488951,15637.103203057632,4593.378230189032,4766.189056291966,19.713216557786666,18.76362770512104,0.012112851729121731,4.708428555835401,4.7025206635111605,4.7149556680241,15070.138550488951,19.713216557786666,6,high_yoyo,True,False,none,not_done,1.0,1.0
ppo_shield,5.0,0,125,6,high_yoyo,0.1790044855741306,1085.9929492949368,2455.4132398792717,-15614.52854237191,-3327.989827737154,-278.83987124919616,-15048.537981588612,blue,red,1591.9704101117802,89.23633777423032,92.45841851456468,87.54158148543533,90.76366222576968,False,False,0.5107476720228701,0.44811746856390133,15048.537981588612,15614.52854237191,4586.794376788209,4759.308299714959,20.238969567864064,19.60061661623926,0.009235231186018754,4.583506013398649,4.660347337107135,4.70797623501567,15048.537981588612,20.238969567864064,6,high_yoyo,True,False,none,not_done,1.0,1.0
ppo_shield,5.0,0,126,6,high_yoyo,0.11103397211053577,961.0750408212253,2903.038045347421,-15542.352322044193,-3690.753752193445,108.33402595575218,-15057.365524864013,blue,red,1660.6731957588943,75.05861886673149,77.05723036472116,102.94276963527885,104.9413811332685,False,False,0.4973361887235074,0.4470963738146447,15057.365524864013,15542.352322044193,4589.4850119785515,4737.30898775907,19.90284424703889,20.149921017946628,0.0048231720645973124,4.275496250303012,4.433164512574751,4.581137589754785,15048.36147152081,20.24497232943196,6,high_yoyo,True,False,none,not_done,1.0,1.0
ppo_shield,5.0,0,127,6,high_yoyo,0.11370967570764451,732.7709942965896,3300.706652609446,-15439.201970518496,-3936.6193982739114,563.4317950229057,-15077.850811707862,blue,red,1653.422849950142,60.75586083506611,62.802634997803715,117.19736500219629,119.24413916493388,False,False,0.48595259768379584,0.44726704557267155,15077.850811707862,15439.201970518496,4595.728927408557,4705.8687606140375,19.895078668073634,20.035681773775107,0.002383364427850662,4.089684228292489,4.16376021459898,4.272536983512753,15057.365524864013,19.90284424703889,6,high_yoyo,True,False,none,not_done,1.0,1.0
ppo_shield,5.0,0,128,6,high_yoyo,0.17175429381128826,415.07738369332327,3627.737763851769,-15318.868009322729,-4054.9116363214457,1054.9290869627685,-15095.601826254195,blue,red,1573.4883124146652,46.013583467887756,49.10516075649096,130.89483924350904,133.98641653211226,False,False,0.4749140363663464,0.4493768763609945,15095.601826254195,15318.868009322729,4601.139436642279,4669.1909692415675,20.193746438313067,19.821237739528943,0.001433759223332632,3.9551369962952405,4.031776302491621,4.0887043484306185,15077.850811707862,20.198450550984653,6,high_yoyo,True,False,none,not_done,1.0,1.0
ppo_shield,5.0,0,129,6,high_yoyo,0.1696328723143564,26.42826388899906,3866.397136999388,-15189.461069648693,-4043.697930782679,1549.8178220773652,-15102.218749117505,blue,red,1427.690429070128,32.00406217589809,35.05745387755652,144.9425461224435,147.99593782410193,False,False,0.46593215306615615,0.4512360528295116,15102.218749117505,15189.461069648693,4603.156274731015,4629.7477340289215,19.857898338508292,20.182221899532493,0.0011626868752269018,3.745320648707433,3.845333162964535,3.9530967365083303,15095.601826254195,20.193746438313067,6,high_yoyo,True,False,none,not_done,1.0,1.0
ppo_shield,5.0,0,130,6,high_yoyo,0.25592952001426617,-410.4295148370139,4001.005591539913,-15057.100876186943,-3911.170186155304,2018.4326879818618,-15094.13797065949,blue,red,1226.3097727483853,17.71620864002576,22.32294000028258,157.67705999971744,162.28379135997426,False,False,0.4592947919718312,0.45268003075189583,15094.13797065949,15057.100876186943,4600.693253457013,4589.404347061781,19.992471460406783,19.955935015553074,-0.0013535288667420814,3.669862989121807,3.6955141991475595,3.7437310719406898,15094.13797065949,19.992471460406783,6,high_yoyo,True,False,none,not_done,1.0,1.0
ppo_shield,5.0,0,131,6,high_yoyo,10.485122195264452,-870.4604056521586,4025.0058458110684,-14929.420622868758,-3670.109749043174,2433.477039289721,-15072.26704606005,blue,red,982.544227889766,4.663041982001816,11.595241496761929,168.40475850323807,175.3369580179982,True,False,0.45328852477393106,0.45445603996792794,15072.26704606005,14929.420622868758,4594.026995639103,4550.487405850397,20.14241790823669,19.894052193761794,-0.005822187050597201,3.5948496594971715,3.6412756023146096,3.6695778768964336,15072.26704606005,20.175351670728613,6,high_yoyo,True,False,none,not_done,0.95,1.0
ppo_shield,5.0,0,132,6,high_yoyo,10.603760772319896,-1327.8344277566794,3938.0248055349184,-14815.245226475383,-3339.1412354872914,2772.9412215640023,-15042.582143281124,blue,red,711.8536564037704,12.494079298414022,10.041773200172146,169.95822679982786,167.50592070158598,False,False,0.4489505986220072,0.45450433883834407,15042.582143281124,14815.245226475383,4584.979037272087,4515.686745029697,19.24079938807769,20.174229513258034,-0.01732272860856566,3.3805176353912914,3.5238873164840765,3.5935662861265563,15042.582143281124,20.14241790823669,6,high_yoyo,True,False,none,not_done,0.5799999999999996,1.0
ppo_shield,5.0,0,133,6,high_yoyo,9.530419373934365,-1758.4746931651134,3747.654229820903,-14724.573418435704,-2941.8862397108533,3030.4620998269397,-15017.342657016216,blue,red,431.1106184482071,24.09185166647024,15.639400397288817,164.3605996027112,155.90814833352977,False,False,0.4522256048009719,0.45566253296593584,15017.342657016216,14724.573418435704,4577.286041858542,4488.049977939203,14.588983727592943,17.369438505254973,-0.033590022466958316,2.6605919662846653,3.0327286642815587,3.374626100116456,15017.342657016216,19.24079938807769,6,high_yoyo,True,False,none,not_done,0.5799999999999996,1.0
ppo_shield,5.0,0,134,6,high_yoyo,8.893024186220247,-2159.08582330647,3478.9552094016003,-14667.801619384452,-2503.52257896623,3233.3243492255674,-15015.689386084774,blue,red,166.94502760237177,52.54843196943344,32.6228673213979,147.3771326786021,127.45156803056656,False,False,0.46384500338967405,0.4651802776846888,15015.689386084774,14667.801619384452,4576.7821248786395,4470.745933588381,9.9429716646982,12.738408708293672,0.008235543672681042,1.9365814726587451,2.2622933308529674,2.6525207367319363,15012.240696752007,14.588983727592943,6,high_yoyo,True,False,none,not_done,0.5799999999999996,1.0
ppo_shield,5.0,0,135,6,high_yoyo,8.27902541153004,-2549.6498581375363,3170.8096768038276,-14657.995273657665,-2052.7203306583874,3438.413393389533,-15047.408759954931,blue,red,209.00337755585878,157.57001212338534,126.59246953092602,53.407530469073976,22.429987876614657,False,False,0.4751010252544228,0.4748443049296011,15047.408759954931,14657.995273657665,4586.450190034263,4467.756959410856,11.493389653138967,14.955261355672718,0.13169108897035467,2.507074524737663,2.1480845022714328,2.6136804522320625,15015.689386084774,11.702791894522882,6,high_yoyo,True,False,none,not_done,0.5799999999999996,1.0
ppo_shield,5.0,0,136,6,high_yoyo,7.693582215282075,-2927.321898417355,2845.6030680693866,-14717.066049967967,-1613.1182541583682,3686.0721791132446,-15103.318336887452,blue,red,489.83838683481156,177.11222350746445,135.5967033825418,44.403296617458196,2.8877764925355365,False,False,0.4878238156218688,0.4734891274832001,15103.318336887452,14717.066049967967,4603.491429083296,4485.761732030237,5.522434833637806,17.52841768619756,-0.02996907603645125,1.2238729431012976,1.7363875669977615,2.480984034550646,15047.408759954931,11.493389653138967,6,high_yoyo,True,False,none,not_done,0.5799999999999996,1.0
ppo_shield,5.0,0,137,6,high_yoyo,8.353701590252184,-3243.609932255089,2483.7462682363675,-14833.707214961698,-1160.6638768809132,3936.533309571348,-15173.977606026212,blue,red,780.9686451547641,161.59611502601317,131.9627436505525,48.037256349447496,18.403884973986838,False,False,0.5003798553886694,0.46279798159671093,15173.977606026212,14833.707214961698,4625.028374316789,4521.313959120325,9.95278907123255,19.24664062595485,0.008331700735634872,2.3827834385819915,1.7666621328986178,2.38279800495505,15103.318336887452,9.95278907123255,6,high_yoyo,True,False,none,not_done,0.5799999999999996,1.0
ppo_shield,5.0,0,138,6,high_yoyo,-1.1767997054503943,-3457.5846460114835,2069.97129619899,-14951.900880887733,-670.3727191825178,4127.769700786163,-15244.232058512911,blue,red,1059.7463431315753,145.71380107896948,124.53140638086242,55.4685936191376,34.286198921030525,False,False,0.5063204473603208,0.4493237209182846,15244.232058512911,14951.900880887733,4646.441931434735,4557.339388494582,13.759806831620555,20.053225090366965,-0.00843543267840378,3.248879901741707,2.8449410436359175,3.2488908526550526,15173.977606026212,13.759806831620555,6,high_yoyo,True,False,none,not_done,0.5799999999999996,1.0
ppo_shield,5.0,0,139,6,high_yoyo,-0.8966583006197173,-3559.499278364306,1620.079789669827,-15025.25144415496,-145.61040429265108,4217.112631258828,-15283.991149617785,blue,red,1309.794902039367,129.39539175126322,113.25554234010832,66.7444576598917,50.604608248736795,False,False,0.5070478385592386,0.43848030511692576,15283.991149617785,15025.25144415496,4658.560502403501,4579.696640178432,16.429371260086047,20.094070106107367,-0.008979363895065217,3.7900579230468563,3.5542959484405814,3.7900685599374335,15244.232058512911,16.429371260086047,6,high_yoyo,True,False,none,not_done,0.5799999999999996,1.0
ppo_shield,5.0,0,140,6,high_yoyo,-0.7314598328157655,-3550.8325380792503,1162.1549830334463,-15042.526350682027,385.1977841990301,4181.65168403795,-15282.15641315812,blue,red,1513.8197423553504,113.10489302816086,99.93861603747709,80.06138396252292,66.89510697183916,False,False,0.5037192077530893,0.4328173034614836,15282.15641315812,15042.526350682027,4658.0012747305955,4584.962031687882,18.15673169455805,19.839335583840963,-0.004285204762133601,4.054270200491929,3.9397427003845578,4.0542724651380695,15282.15641315812,18.15673169455805,6,high_yoyo,True,False,none,not_done,0.5799999999999996,1.0
ppo_shield,5.0,0,141,6,high_yoyo,-0.6542888933557434,-3435.1923887048188,723.5870828327717,-15014.448898812612,884.3526884168784,4016.0295405387096,-15246.082789505426,blue,red,1656.954624294329,97.34411612469843,85.56691604429507,94.43308395570494,82.65588387530157,False,False,0.49812764467688336,0.4303576029707803,15246.082789505426,15014.448898812612,4647.006034241254,4576.404024358085,19.261727894251653,20.13352196116683,0.0007088900448486727,4.1638592930754355,4.1195401243207685,4.163859353419104,15246.082789505426,19.261727894251653,6,high_yoyo,True,False,none,not_done,0.5799999999999996,1.0
ppo_shield,5.0,0,142,6,high_yoyo,-0.5820806262571101,-3219.8571004687283,329.3261689584394,-14957.52242242183,1316.2816083621692,3730.8309349001943,-15189.682776797852,blue,red,1729.6073998983113,82.1705265016545,71.69307522902655,108.30692477097347,97.8294734983455,False,False,0.4913097176273664,0.42953783930150496,15189.682776797852,14957.52242242183,4629.815310367985,4559.052834354174,19.967629089004106,20.004145530383543,0.004201223555731264,4.17915848752803,4.177617902989928,4.181913104381311,15189.682776797852,19.967629089004106,6,high_yoyo,True,False,none,not_done,0.5799999999999996,1.0
ppo_shield,5.0,0,143,6,high_yoyo,-0.5403565668581147,-2918.3425646653905,-1.039109560113186,-14884.552848723657,1652.6116317373385,3348.564539241966,-15124.962143221783,blue,red,1728.8169884800857,67.66351087758957,57.937092674143514,122.06290732585649,112.33648912241044,False,False,0.4839636280677455,0.4305211044477584,15124.962143221783,14884.552848723657,4610.088461253999,4536.811708290971,20.187424565962004,19.86848525660978,0.005774108001121186,4.095465464792409,4.151128080615971,4.1789780971886765,15124.962143221783,20.224221776861956,6,high_yoyo,True,False,none,not_done,0.5799999999999996,1.0
ppo_shield,5.0,0,144,6,high_yoyo,-0.5887146398735634,-2547.5775664540947,-250.75813002007422,-14802.38316251852,1875.2480593419134,2898.623262673848,-15058.425335693228,blue,red,1656.7652699144808,54.12772820859819,43.53086469087408,136.46913530912593,125.8722717914018,False,False,0.47824065309316405,0.431502354127191,15058.425335693228,14802.38316251852,4589.808042319296,4511.766387935645,19.80782218239035,20.153023560701637,0.005346873331689452,3.939494598371813,4.009257674323036,4.093778409607946,15058.425335693228,20.187424565962004,6,high_yoyo,True,False,none,not_done,0.5799999999999996,1.0
ppo_shield,5.0,0,145,6,high_yoyo,-0.587574994139859,-2128.0456047471707,-404.84103277364653,-14713.973513103121,1975.630523835431,2412.061937331548,-14991.661886765984,blue,red,1519.488712506002,40.25735219427903,29.681002299761577,150.31899770023844,139.742647805721,False,False,0.4734636439632606,0.43257383122374815,14991.661886765984,14713.973513103121,4569.458543086272,4484.819126793832,20.060515212376753,19.944643413554484,0.004979096888891339,3.924263567838251,3.9243151718199196,3.9386513480865393,14991.661886765984,20.060515212376753,6,high_yoyo,True,False,none,not_done,0.5799999999999996,1.0
ppo_shield,5.0,0,146,6,high_yoyo,-0.571723515097844,-1682.900071373883,-455.05368733775936,-14621.733867046276,1949.7376227549237,1921.2321630968306,-14924.584595114939,blue,red,1326.3006842007205,26.786239445610335,16.49521617384916,163.50478382615086,153.2137605543897,False,False,0.4683048472927704,0.4343325015473955,14924.584595114939,14621.733867046276,4549.013384591033,4456.704482675706,20.09684771448843,19.924878485246452,0.0034699464659427477,3.8492419839712317,3.89811939950729,3.924230308441303,14924.584595114939,20.18511673891103,6,high_yoyo,True,False,none,not_done,0.5799999999999996,1.0
ppo_shield,5.0,0,147,6,high_yoyo,-0.31536440377117125,-1236.6725350262284,-398.3851860864941,-14530.166178200005,1802.3545097189944,1457.4230885351085,-14855.958624405645,blue,red,1089.8827348314467,14.51128152206637,8.834722254185307,171.1652777458147,165.48871847793365,False,False,0.4646012746470757,0.43523793284934503,14855.958624405645,14530.166178200005,4528.0961887188405,4428.794651115361,19.830287720966528,20.14930064753693,-0.0012200984627276559,3.755057365129981,3.792046582471277,3.8479283942109994,14855.958624405645,20.09684771448843,6,high_yoyo,True,False,none,not_done,0.5799999999999996,1.0
ppo_shield,5.0,0,148,6,high_yoyo,10.5192906354009,-813.1783856476966,-238.97746088810794,-14447.760841423631,1546.051494540121,1047.9349236128837,-14786.164003372716,blue,red,825.587573409025,5.903690813196048,15.250922250412245,164.74907774958774,174.09630918680395,False,False,0.4612222938643432,0.43640375045602386,14786.164003372716,14447.760841423631,4506.822788228004,4403.6775044659225,20.116541550886947,18.317145717991295,-0.005398432772023894,3.7621229133909,3.7577957374657855,3.762983548771086,14786.164003372716,20.116541550886947,6,high_yoyo,True,False,none,not_done,0.5799999999999996,1.0
ppo_shield,5.0,0,149,6,high_yoyo,10.273407589879215,-419.95713397507393,2.809736774709921,-14388.30104018679,1199.0547435051108,716.2526292099783,-14721.382875851097,blue,red,548.7368272147505,12.959509804497543,17.880846422323412,162.1191535776766,167.04049019550246,False,False,0.45735694104123104,0.4454195104220769,14721.382875851097,14388.30104018679,4487.077500559415,4385.554157048934,20.030928034039793,13.330764029566444,-0.009568207663971281,3.689791101837583,3.7319088991858953,3.761972213720845,14721.382875851097,20.16532936271687,6,high_yoyo,True,False,none,not_done,0.5799999999999996,1.0
ppo_shield,5.0,0,150,6,high_yoyo,9.696858816068577,-33.239583954288165,284.2905612310644,-14366.18873703821,785.5571050068205,474.6690422708264,-14673.198911342955,blue,red,272.77935145616874,26.162574018633087,20.706032707867486,159.29396729213252,153.83742598136692,False,False,0.45570044514183905,0.4597819590162813,14673.198911342955,14366.18873703821,4472.391028177333,4378.8143270492465,18.26100664281355,10.10535236539607,-0.0020166099862365294,3.3527342331665246,3.5276457700244275,3.689665552857289,14673.198911342955,20.030928034039793,6,high_yoyo,True,False,none,not_done,0.5799999999999996,1.0
ppo_shield,5.0,0,151,6,high_yoyo,9.827657929989769,383.24277238394313,548.3285376297554,-14372.42704134986,330.4521478911684,319.973994482414,-14655.023245813936,blue,red,111.90488742128368,106.53364303465429,103.43148577447015,76.56851422552985,73.46635696534572,False,False,0.4546025258250078,0.47141326692553426,14655.023245813936,14372.42704134986,4466.851085324088,4380.715762203437,19.021882302618806,13.469212997827107,0.019285855893043807,3.493437119569922,3.4083896708800214,3.4934903538762665,14654.992595303722,19.021882302618806,6,high_yoyo,True,False,none,not_done,0.5799999999999996,1.0
ppo_shield,5.0,0,152,6,high_yoyo,10.532287624405232,847.7114948509968,736.9504301466524,-14374.45158015578,-141.60914338770382,255.30203273865948,-14676.717323181098,blue,red,347.8067288670687,140.0254161946001,149.60659343389426,30.393406566105725,39.97458380539989,False,False,0.44830709291676074,0.4765590069401342,14676.717323181098,14374.45158015578,4473.463440105599,4381.332841631483,19.888855228938194,16.29358149970904,0.026262224215255793,3.531063394624946,3.5226747849771636,3.5329553160662734,14655.023245813936,19.888855228938194,6,high_yoyo,True,False,none,not_done,0.5799999999999996,1.0
ppo_shield,5.0,0,153,6,high_yoyo,10.71894571381835,1344.9306145600992,816.1065991271981,-14355.042066076316,-605.8358462220993,291.46422043486376,-14726.116921486275,blue,red,626.02358148559,134.6767946045994,147.6178174533297,32.382182546670315,45.32320539540063,False,False,0.4389714749189583,0.47677975687098506,14726.116921486275,14355.042066076316,4488.520437669017,4375.416821740061,20.253453350672647,18.074171432871132,0.01182424693530484,3.439680457861103,3.500308787494819,3.530965082190112,14676.717323181098,20.270288263339427,6,high_yoyo,True,False,none,not_done,0.5799999999999996,1.0
ppo_shield,5.0,0,154,6,high_yoyo,10.707242300378674,1844.1557116045726,772.3724015313873,-14324.358687010958,-1039.1825068443898,433.4873782688506,-14773.748382472817,blue,red,895.4292283776692,128.54096772688575,141.2713291337019,38.72867086629811,51.45903227311425,False,False,0.431098679352529,0.47344207733974786,14773.748382472817,14324.358687010958,4503.038506977715,4366.06452780094,19.748687601985313,19.205849763482266,-0.0007221454565518986,3.240259726408714,3.3338568158547677,3.4377805590500934,14726.116921486275,20.253453350672647,6,high_yoyo,True,False,none,not_done,0.5799999999999996,1.0
ppo_shield,5.0,0,155,6,high_yoyo,0.6954233197677256,2311.8242761035085,606.7227344838955,-14290.944038589152,-1422.2060181937113,672.4623741001798,-14792.179681673257,blue,red,1148.515403717598,121.53812095030719,134.05574070612624,45.94425929387375,58.461879049692826,False,False,0.4263836608480178,0.4678342739364604,14792.179681673257,14290.944038589152,4508.656366974009,4355.8797429619735,19.962388133871926,19.91841547239377,-0.005563584623438733,3.213033639346087,3.2135515813906324,3.238941117627648,14773.748382472817,19.962388133871926,6,high_yoyo,True,False,none,not_done,0.5799999999999996,1.0
ppo_shield,5.0,0,156,6,high_yoyo,0.6930479391761729,2716.392223340448,331.2058948126298,-14256.184765820135,-1734.710291164336,992.3904035249622,-14767.62180415245,blue,red,1380.4124613770769,114.18236790523147,126.65723081040258,53.34276918959741,65.81763209476853,False,False,0.4238326062153936,0.4612013114325868,14767.62180415245,14256.184765820135,4501.1711259056665,4345.285116621977,20.160554381950032,20.199541537981588,-0.005827521462381627,3.2004912439227575,3.211989846615299,3.215508294641204,14767.62180415245,20.181055211201684,6,high_yoyo,True,False,none,not_done,0.5799999999999996,1.0
ppo_shield,5.0,0,157,6,high_yoyo,0.6782400010555569,3032.772530017005,-33.36712592535852,-14217.001637778156,-1959.1371235788288,1373.0829176476082,-14700.47992183424,blue,red,1587.6251977768786,107.57993632332662,119.78825634232666,60.211743657673345,72.4200636766734,False,False,0.42459235515777916,0.45598394572411266,14700.47992183424,14217.001637778156,4480.706280175076,4333.342099194782,19.85370893642551,19.827694397570273,-0.003219548824347653,3.1696337556591976,3.178798883460529,3.2000204854520655,14700.47992183424,20.160554381950032,6,high_yoyo,True,False,none,not_done,0.5799999999999996,1.0
ppo_shield,5.0,0,158,6,high_yoyo,0.6269372686291672,3244.666809398712,-461.29811890337567,-14169.574984198522,-2084.0418022091562,1793.1290068395815,-14600.817825345493,blue,red,1768.4586231693802,100.99027714519629,112.27514798052131,67.72485201947869,79.00972285480371,False,False,0.4275510207184373,0.45226850174372263,14600.817825345493,14169.574984198522,4450.329273165306,4318.88645518371,20.043029108371563,20.01935277520141,0.0004832285583324071,3.2548024823110797,3.2049049729921473,3.254802518182663,14600.817825345493,20.043029108371563,6,high_yoyo,True,False,none,not_done,0.5799999999999996,1.0
ppo_shield,5.0,0,159,6,high_yoyo,0.5439807573591194,3340.2081555429622,-924.0826129652454,-14112.279600683432,-2101.9260339266098,2230.032691922731,-14482.966345213366,blue,red,1920.5466274275648,94.83016087821441,104.62181451067856,75.37818548932144,85.1698391217856,False,False,0.4306019720678242,0.44859790391781634,14482.966345213366,14112.279600683432,4414.408142021034,4301.42282228831,20.103712973887383,20.129784234057247,0.004163160520921528,3.3150278734587175,3.294102012200194,3.315030487599435,14482.966345213366,20.166948451421103,6,high_yoyo,True,False,none,not_done,0.5799999999999996,1.0
ppo_shield,5.0,0,160,6,high_yoyo,0.46177835595447086,3315.5347278133195,-1391.6242210644125,-14044.87615470082,-2012.1139249307448,2660.5769750989452,-14360.209776027014,blue,red,2042.4695531189943,89.19908927368142,97.5110996808619,82.4889003191381,90.80091072631859,False,False,0.4341651157378353,0.4465689492689249,14360.209776027014,14044.87615470082,4376.991939733034,4280.87825195281,19.844927531377675,19.828126990961906,0.006060578460270715,3.344218943910573,3.324051316593836,3.3442244355637407,14360.209776027014,20.103712973887383,6,high_yoyo,True,False,none,not_done,0.5799999999999996,1.0
ppo_shield,5.0,0,161,6,high_yoyo,0.3867239049922083,3174.9159649120265,-1835.1638987020417,-13967.760028858833,-1819.84762260006,3061.7831271505083,-14241.674645195146,blue,red,2133.6605821934263,82.90534042382711,89.86637071368688,90.13362928631314,97.09465957617289,False,False,0.4369874230469249,0.4453684977424238,14241.674645195146,13967.760028858833,4340.86243185548,4257.373256796172,20.09145817629379,20.08400344326625,0.0071007977856186125,3.446373456410059,3.394859480959422,3.4463807715307673,14241.674645195146,20.09145817629379,6,high_yoyo,True,False,none,not_done,0.5799999999999996,1.0
ppo_shield,5.0,0,162,6,high_yoyo,0.32977399197036217,2927.8018040645493,-2226.195753289433,-13882.39984430978,-1534.449735515258,3409.2835968890518,-14132.622637835282,blue,red,2192.2924660171793,76.47268246335146,82.40861431881798,97.59138568118202,103.52731753664855,False,False,0.4383304432839383,0.4440964667218972,14132.622637835282,13882.39984430978,4307.6233800121945,4231.3554725456215,20.03832553180415,20.057632596172432,0.006725194573405323,3.469326426307443,3.4672700023586334,3.4733874814779386,14132.622637835282,20.14990050528837,6,high_yoyo,True,False,none,not_done,0.5799999999999996,1.0
ppo_shield,5.0,0,163,6,high_yoyo,0.29549543440933057,2590.9050939305685,-2540.3884947592587,-13789.979493035391,-1171.442129011714,3681.1477151820873,-14033.6310758807,blue,red,2217.3468998243256,69.95493629490171,75.27385411426968,104.72614588573033,110.04506370509829,False,False,0.43952471225937395,0.4440696384996854,14033.6310758807,13789.979493035391,4277.450751928437,4203.1857494771875,19.868344561659693,19.85524024777929,0.005740232002625117,3.4796813584538624,3.4676357146772414,3.4796860931174183,14033.6310758807,20.03832553180415,6,high_yoyo,True,False,none,not_done,0.5799999999999996,1.0
ppo_shield,5.0,0,164,6,high_yoyo,0.26957549524671504,2186.1658200923084,-2758.494927368899,-13691.576374155045,-751.4354022266845,3859.2431569924793,-13942.532745017754,blue,red,2208.2110506591084,62.77559139710363,67.62795031154452,112.37204968845549,117.22440860289636,False,False,0.43978292317449535,0.4441127730851475,13942.532745017754,13691.576374155045,4249.683980681411,4173.192478842458,20.115183049504964,20.117419118112032,0.0051857688155317475,3.540289918561318,3.5130522155789285,3.5402937165813113,13942.532745017754,20.115183049504964,6,high_yoyo,True,False,none,not_done,0.5799999999999996,1.0
ppo_shield,5.0,0,165,6,high_yoyo,0.25106340330805155,1739.9708819104135,-2865.415951988595,-13588.87904444723,-299.7782794317406,3929.7207394382535,-13856.734137977524,blue,red,2163.9985534926,55.78057627353127,60.2997175330762,119.70028246692381,124.21942372646876,False,False,0.43936911173396814,0.4439902428279584,13856.734137977524,13588.87904444723,4223.532565255549,4141.890332747516,19.980048808202845,19.99368498359226,0.004268774322141541,3.520853834632155,3.535924622764315,3.5431043170038627,13856.734137977524,20.131592255468362,6,high_yoyo,True,False,none,not_done,0.5799999999999996,1.0
ppo_shield,5.0,0,166,6,high_yoyo,0.23932262504155424,1281.4548077508741,-2854.5519905949723,-13482.964816641539,155.752018709167,3887.2943172421856,-13773.139204580717,blue,red,2085.2396876932867,48.752140314658874,53.05994756540687,126.94005243459314,131.24785968534113,False,False,0.439410202729692,0.4446704332896566,13773.139204580717,13482.964816641539,4198.052829556203,4109.607676112341,19.912280167837864,19.90042592099397,0.003910946261466544,3.527836394163595,3.5165664572457103,3.527838561993144,13773.139204580717,19.980048808202845,6,high_yoyo,True,False,none,not_done,0.5799999999999996,1.0
ppo_shield,5.0,0,167,6,high_yoyo,0.2278764861611933,840.76575180546,-2726.368401561725,-13374.991388065699,586.7090526313514,3733.734396991528,-13689.626851901397,blue,red,1972.8936322597128,41.32632638353581,45.428103134437315,134.5718968655627,138.67367361646419,False,False,0.43896713097518886,0.4449080019025646,13689.626851901397,13374.991388065699,4172.598264459546,4076.697375082425,20.117220452311184,20.121726095244178,0.004095006639855537,3.566342441157674,3.5520481378710715,3.5663486083232523,13689.626851901397,20.117220452311184,6,high_yoyo,True,False,none,not_done,0.5799999999999996,1.0
ppo_shield,5.0,0,168,6,high_yoyo,0.22388370900101787,448.02907550254696,-2488.529857089876,-13266.760133468382,965.2275424138022,3477.832316348377,-13605.339677665293,blue,red,1828.281968472989,34.22118885211426,38.2510956141326,141.7489043858674,145.77881114788573,False,False,0.43855727486920465,0.44500113834672156,13605.339677665293,13266.760133468382,4146.907533752382,4043.708488681163,19.939996992732443,19.947835454921307,0.003984840107073321,3.5402255202064774,3.55484923006,3.5663310388282454,13605.339677665293,20.11764777743969,6,high_yoyo,True,False,none,not_done,0.5799999999999996,1.0
ppo_shield,5.0,0,169,6,high_yoyo,0.23028585164638252,128.66274343129444,-2157.095172557138,-13160.872661085428,1267.8874847754903,3135.8051862598336,-13519.620619789323,blue,red,1653.840623951886,26.948289076723736,31.093434406358618,148.90656559364137,153.05171092327626,False,False,0.43866522702906835,0.44538008015299824,13519.620619789323,13160.872661085428,4120.780364911786,4011.4339870988388,19.961421892931405,19.954283016235035,0.00315473187530984,3.5625328785932178,3.544837388690785,3.562534275398748,13519.620619789323,19.961421892931405,6,high_yoyo,True,False,none,not_done,0.5799999999999996,1.0
ppo_shield,5.0,0,170,6,high_yoyo,0.24088138559998307,-96.90639557206178,-1753.890643175022,-13062.25604875988,1475.181259391195,2729.0525664912343,-13432.70401889512,blue,red,1452.3798715124858,19.490870994514268,23.826735935313977,156.17326406468604,160.50912900548576,False,False,0.4383100666750095,0.4447448820053762,13432.70401889512,13062.25604875988,4094.2881849592327,3981.3756436620115,20.09913700088463,20.105577592461028,0.001608848602627291,3.5894104254869443,3.58218653567345,3.5905116660875973,13432.70401889512,20.104646110866554,6,high_yoyo,True,False,none,not_done,0.5799999999999996,1.0
ppo_shield,5.0,0,171,6,high_yoyo,0.24632499160957583,-215.01797411404232,-1305.4151178229624,-12976.95716767332,1573.6772356949925,2283.408445469891,-13346.254973680403,blue,red,1227.381801084191,12.634194422988973,17.068044271961337,162.93195572803867,167.36580557701103,False,False,0.43811063603761924,0.4435292866676223,13346.254973680403,12976.95716767332,4067.938515977787,3955.376544706828,19.92055304359106,19.921689977112525,0.0002821013540278456,3.5666653996853643,3.5771676862788837,3.5892748899151625,13346.254973680403,20.09913700088463,6,high_yoyo,True,False,none,not_done,0.5799999999999996,1.0
ppo_shield,5.0,0,172,6,high_yoyo,10.196670245907322,-219.59877815447283,-840.4191763381806,-12907.195332958461,1558.5717006514703,1826.4554308421639,-13263.701034690155,blue,red,983.0074900940832,7.051136878422204,10.591201304754042,169.40879869524596,172.9488631215778,False,False,0.4379032428620807,0.4417966098079977,13263.701034690155,12907.195332958461,4042.7760753735597,3934.113137485739,20.00856953557569,19.996720408344224,-0.0006662518054371941,3.5915238709895863,3.5755564860559175,3.5915239327866786,13263.701034690155,20.00856953557569,6,high_yoyo,True,False,none,not_done,0.5799999999999996,1.0
ppo_shield,5.0,0,173,6,high_yoyo,9.890689383420803,-110.25960554501,-388.86147030102967,-12852.216181223968,1432.0431246957132,1385.977603338491,-13191.046525685984,blue,red,724.0881463229618,8.613595682109102,6.6460045836835775,173.35399541631645,171.3864043178909,False,False,0.4366613751349882,0.4389014047028781,13191.046525685984,12852.216181223968,4020.630981029088,3917.3554920370657,20.07156420173156,20.072649387166365,-0.0014691428171037526,3.5860975111250912,3.5959726384868578,3.5999190451226784,13191.046525685984,20.09547592046199,6,high_yoyo,True,False,none,not_done,0.5799999999999996,1.0
ppo_shield,5.0,0,174,6,high_yoyo,9.59616957721175,105.13188039807473,20.836465837414465,-12811.236896491693,1204.366611828226,987.1928318334542,-13135.723409215097,blue,red,456.94116350271497,17.250506430731246,9.981558820542755,170.01844117945726,162.74949356926876,False,False,0.43484416000568116,0.4357511968629644,13135.723409215097,12811.236896491693,4003.768495128762,3904.8650060506684,19.60355990181358,19.785047794791115,-0.0012869301097976219,3.484153620284236,3.557935177136378,3.5856308861291897,13135.723409215097,20.07156420173156,6,high_yoyo,True,False,none,not_done,0.5799999999999996,1.0
ppo_shield,5.0,0,175,6,high_yoyo,9.36416606895594,410.35082235209006,367.68283280194237,-12784.02351600367,893.3970558598809,646.8809651250552,-13103.938559009219,blue,red,196.02950704827634,36.94366333660954,25.498652577816507,154.5013474221835,143.05633666339048,False,False,0.43631453880394644,0.43619154082934847,13103.938559009219,12784.02351600367,3994.08047278601,3896.570367677919,17.186620274719232,17.25773602406307,0.005583394271526991,3.106350169530999,3.2825561739375515,3.479615621723849,13103.938559009219,19.60355990181358,6,high_yoyo,True,False,none,not_done,0.5799999999999996,1.0
ppo_shield,5.0,0,176,6,high_yoyo,9.251089934834809,785.7012794926212,643.331926046969,-12768.57979269958,518.8388738015833,370.92099052568386,-13097.927338424453,blue,red,153.5820229757209,139.2468909479435,125.76650977497006,54.23349022502993,40.75310905205647,False,False,0.43880082480073956,0.43957501203536375,13097.927338424453,12768.57979269958,3992.2482527517736,3891.863120814832,18.015942190220112,17.810826052942062,0.02605644519827235,3.326125510180745,3.180467931151852,3.3262275700576307,13096.839897643917,18.015942190220112,6,high_yoyo,True,False,none,not_done,0.5799999999999996,1.0
ppo_shield,5.0,0,177,6,high_yoyo,9.621251323397507,1214.696201503978,827.7610338099123,-12758.76880813455,96.32123495874734,178.15619456847477,-13115.855654535257,blue,red,408.96164791958813,149.4306369382516,142.61316075940675,37.38683924059327,30.569363061748376,False,False,0.43590816203970134,0.43868553432744445,13115.855654535257,12758.76880813455,3997.7128035023466,3888.872732719411,19.200935365624144,19.011735308542715,0.013621677551556676,3.469595987812091,3.4116818984910497,3.469622727147878,13097.927338424453,19.200935365624144,6,high_yoyo,True,False,none,not_done,0.5799999999999996,1.0
ppo_shield,5.0,0,178,6,high_yoyo,9.83077784079788,1673.0713232949968,902.6027364425097,-12750.166749990514,-354.57394422970447,91.23386279613818,-13138.72823264517,blue,red,676.123406799951,141.82295758062332,138.77695871498517,41.22304128501481,38.17704241937668,False,False,0.4303830669470059,0.4351650561954475,13138.72823264517,12750.166749990514,4004.684365310248,3886.250825397109,19.909766101238947,19.758913479673684,0.002762017517517182,3.4906469353558234,3.4873286084362114,3.4927572262984845,13115.855654535257,19.909766101238947,6,high_yoyo,True,False,none,not_done,0.5799999999999996,1.0
ppo_shield,5.0,0,179,6,high_yoyo,9.931130373262585,2131.0688240427635,861.286897674764,-12740.461396145853,-807.2633576281709,120.18899007920487,-13142.895776514395,blue,red,931.7599676025328,133.75180376307924,132.51215048180578,47.48784951819423,46.24819623692078,False,False,0.42509016879921163,0.4303704051301066,13142.895776514395,12740.461396145853,4005.954632681588,3883.292633545256,20.17145289612001,20.18375300876119,-0.0031165705389636653,3.443272267497773,3.474028262379593,3.490495667521834,13138.72823264517,20.182100455989527,6,high_yoyo,True,False,none,not_done,0.5799999999999996,1.0
ppo_shield,5.0,0,180,6,high_yoyo,-0.01582575350787665,2558.778009762944,707.0672945317051,-12724.268108292832,-1232.9051906724503,261.28688112015453,-13114.331621026118,blue,red,1169.7226175588762,126.38621819280314,126.10135462966139,53.898645370338635,53.61378180719685,False,False,0.4226689551259544,0.4262026208638149,13114.331621026118,12724.268108292832,3997.2482780887613,3878.3569194076554,19.850392175200756,19.938650642314556,-0.004347042000746562,3.3560000392828666,3.3936153861359544,3.4423070285773614,13114.331621026118,20.17145289612001,6,high_yoyo,True,False,none,not_done,0.5799999999999996,1.0
ppo_shield,5.0,0,181,6,high_yoyo,0.018544612837010373,2930.625994500104,452.20290951575754,-12696.054149167636,-1605.763279182833,502.57050864423337,-13051.65158711152,blue,red,1387.0179809036879,118.85887621920196,119.19267925026816,60.80732074973185,61.14112378079805,False,False,0.42298057284539636,0.42400515297280067,13051.65158711152,12696.054149167636,3978.143403751592,3869.7573046662956,20.022686904796295,19.895600471571964,-0.002188629922058724,3.3995780246928233,3.3678761084302957,3.3995787292067963,13051.65158711152,20.022686904796295,6,high_yoyo,True,False,none,not_done,0.5799999999999996,1.0
ppo_shield,5.0,0,182,6,high_yoyo,-0.005302043923056604,3224.0254735905783,114.09655472176085,-12653.21956413115,-1902.3080168869562,828.4637067760615,-12962.86804248114,blue,red,1580.425406296628,111.67597907651468,111.58054228589968,68.41945771410033,68.32402092348532,False,False,0.42407484176689897,0.42222435464601193,12962.86804248114,12653.21956413115,3951.0821793482514,3856.7013231471747,20.12866616613185,20.176047318757483,0.0013828994831086097,3.4349044624805996,3.4262824086419768,3.436336612706359,12962.86804248114,20.178230268160988,6,high_yoyo,True,False,none,not_done,0.5799999999999996,1.0
ppo_shield,5.0,0,183,6,high_yoyo,-0.04629414300885422,3420.3769407478435,-284.89678643425606,-12595.999538487793,-2104.8789423540084,1218.6377372375807,-12859.841175482048,blue,red,1747.1895603110947,105.31987025383872,104.48657567967935,75.51342432032065,74.6801297461613,False,False,0.4264780002054533,0.4216103911796192,12859.841175482048,12595.999538487793,3919.6795902869285,3839.2606593310793,19.840249416306083,19.89007095788643,0.004086389868601093,3.4379510842439043,3.43027627302102,3.437953512809037,12859.841175482048,20.12866616613185,6,high_yoyo,True,False,none,not_done,0.5799999999999996,1.0
ppo_shield,5.0,0,184,6,high_yoyo,-0.08046862764511825,3509.036177364974,-719.1237137851865,-12525.760886522427,-2202.8694278838752,1649.5146204175214,-12753.398435905283,blue,red,1886.0232935649742,98.54647304108123,97.09803774346912,82.9019622565309,81.45352695891879,False,False,0.4288519872028528,0.42238209812199456,12753.398435905283,12525.760886522427,3887.2358432639303,3817.851918212036,20.0768935161888,19.967282198405663,0.006107999769579244,3.5318510118607467,3.4823322154446203,3.5318562934585778,12753.398435905283,20.0768935161888,6,high_yoyo,True,False,none,not_done,0.5799999999999996,1.0
ppo_shield,5.0,0,185,6,high_yoyo,-0.1274674870259428,3484.1069103548616,-1160.6697037126858,-12444.848426495555,-2189.378955345999,2094.342316423129,-12651.678572479586,blue,red,1994.6668081968419,91.7395693241733,89.44515455770635,90.55484544229365,88.2604306758267,False,False,0.4299963538612365,0.4229645866909111,12651.678572479586,12444.848426495555,3856.231628891778,3793.1898003958454,20.06110510798666,20.14136882758511,0.00678386769525491,3.5556296300049324,3.553887426157927,3.5605611277980187,12651.678572479586,20.156232636073884,6,high_yoyo,True,False,none,not_done,0.5799999999999996,1.0
ppo_shield,5.0,0,186,6,high_yoyo,-0.14896235015287249,3346.630392121518,-1580.4488424918295,-12355.552299252418,-2064.588288408403,2524.8333539392943,-12558.14775971352,blue,red,2071.1978489900443,84.96665265434012,82.28533035158843,97.71466964841159,95.03334734565989,False,False,0.43113798603109477,0.4243222787842901,12558.14775971352,12355.552299252418,3827.723437160681,3765.972340812137,19.858639594312724,19.865257498035213,0.006292671886842888,3.5581579323324837,3.550075862776019,3.5581634966847786,12558.14775971352,20.06110510798666,6,high_yoyo,True,False,none,not_done,0.5799999999999996,1.0
ppo_shield,5.0,0,187,6,high_yoyo,-0.1554070770514436,3105.6323721859476,-1951.37191106102,-12259.39947896392,-1835.3749551147673,2913.049039872678,-12472.557529525431,blue,red,2114.389074872277,77.49259728725383,74.69526990032786,105.30473009967214,102.50740271274617,False,False,0.43142013745139474,0.4261568819858583,12472.557529525431,12259.39947896392,3801.6355349993514,3736.664961188203,20.107486767240648,20.028705106345402,0.005923139855982723,3.6204543252857877,3.5912933145430492,3.6204591704735907,12472.557529525431,20.107486767240648,6,high_yoyo,True,False,none,not_done,0.5799999999999996,1.0
ppo_shield,5.0,0,188,6,high_yoyo,-0.17181323151390793,2776.035843866081,-2247.406617883082,-12158.323086278238,-1514.967510448262,3231.5771328144697,-12393.205294608264,blue,red,2122.4049867817102,70.12832943799141,67.03569127074108,112.96430872925893,109.87167056200859,False,False,0.43087753970283627,0.4273738222764647,12393.205294608264,12158.323086278238,3777.448973796599,3705.8568766976073,19.99881152385418,20.090130911972487,0.004942402346526998,3.601223041770844,3.6173865880787837,3.624509107389455,12393.205294608264,20.134913978483347,6,high_yoyo,True,False,none,not_done,0.5799999999999996,1.0
ppo_shield,5.0,0,189,6,high_yoyo,-0.16948739999625756,2379.6347619742705,-2447.368906325454,-12053.884046188827,-1123.975218518388,3458.6231494298345,-12317.008102379363,blue,red,2094.605011993076,62.76918844628906,59.71841524635642,120.28158475364359,117.23081155371095,False,False,0.430786915087542,0.4291236573452402,12317.008102379363,12053.884046188827,3754.22406960523,3674.0238572783546,19.898098347616738,19.868148358791977,0.0043285139772879415,3.599505069254134,3.592415078966541,3.60081135726778,12317.008102379363,19.99881152385418,6,high_yoyo,True,False,none,not_done,0.5799999999999996,1.0
ppo_shield,5.0,0,190,6,high_yoyo,-0.16883226535915954,1943.1317782933509,-2536.9954612089455,-11947.181446781566,-688.0560773673883,3578.36368725917,-12241.281745029117,blue,red,2031.1498321998615,54.96819100310966,51.92921022664479,128.07078977335522,125.03180899689035,False,False,0.4302533801764401,0.43073544275376463,12241.281745029117,11947.181446781566,3731.142675884875,3641.5009049790215,20.115354967383425,20.07204524886573,0.004328047725568951,3.63882627090545,3.623329503496492,3.63882884481103,12241.281745029117,20.115354967383425,6,high_yoyo,True,False,none,not_done,0.5799999999999996,1.0
ppo_shield,5.0,0,191,6,high_yoyo,-0.17763668387910975,1497.1463917642993,-2507.889519747741,-11839.862047718016,-236.77779879706918,3581.475575812807,-12164.569154445346,blue,red,1932.3525549585224,47.47305895291919,44.27559864309523,135.72440135690476,132.52694104708084,False,False,0.4296938868508728,0.4316578368172919,12164.569154445346,11839.862047718016,3707.7606782749417,3608.7899521444515,19.954634878903956,20.035064867927815,0.004080589438939592,3.6107286821404667,3.6272855691485435,3.6388550453023623,12164.569154445346,20.118622350835107,6,high_yoyo,True,False,none,not_done,0.5799999999999996,1.0
ppo_shield,5.0,0,192,6,high_yoyo,-0.1655517327029627,1073.2779228954757,-2361.18239309272,-11733.41952809058,199.60114250556833,3468.0795417462664,-12085.774965550378,blue,red,1799.811356317262,39.8690849152856,36.88915372663228,143.1108462733677,140.13091508471442,False,False,0.4297643438929653,0.43292573908659887,12085.774965550378,11733.41952809058,3683.7442094997555,3576.346272162009,19.945938299907983,19.89452488454417,0.004226797575938178,3.626716863620571,3.6115891591667033,3.6267193267038986,12085.774965550378,19.954634878903956,6,high_yoyo,True,False,none,not_done,0.5799999999999996,1.0
ppo_shield,5.0,0,193,6,high_yoyo,-0.15340075810370887,701.1419148092875,-2106.7593834621193,-11630.871040518363,591.3426161041455,3245.5760357517056,-12004.743831624866,blue,red,1635.7094538730416,31.955017792741856,29.193804146875127,150.80619585312488,148.04498220725816,False,False,0.42946156788666157,0.43353088409697654,12004.743831624866,11630.871040518363,3659.0459198792596,3545.089493149997,20.102497390140844,20.094513668923216,0.004590890128109534,3.65808907745624,3.6480415154887593,3.6584204060656895,12004.743831624866,20.104144138325285,6,high_yoyo,True,False,none,not_done,0.5799999999999996,1.0
ppo_shield,5.0,0,194,6,high_yoyo,-0.1381927225221098,407.11436268018264,-1762.0794743750942,-11537.508551092385,911.0327159599188,2928.866304014037,-11921.864675895096,blue,red,1442.7905483817144,24.32306075459204,21.835591749194077,158.16440825080593,155.67693924540797,False,False,0.4293767890883885,0.43323054575747794,11921.864675895096,11537.508551092385,3633.7843532128254,3516.6326063729593,19.928260768251604,19.98858046266144,0.0027271665057129984,3.637696950716673,3.647571788829663,3.658014688291635,11921.864675895096,20.102497390140844,6,high_yoyo,True,False,none,not_done,0.5799999999999996,1.0
ppo_shield,5.0,0,195,6,high_yoyo,-0.10309271220256383,211.00988498202247,-1351.3186898659205,-11456.446299447025,1137.2571002064858,2539.7523477582695,-11837.583975535581,blue,red,1224.6602152791838,16.577745252654587,14.722076433008482,165.27792356699155,163.42225474734542,False,False,0.42964297971644,0.4326948340295276,11837.583975535581,11456.446299447025,3608.095595743245,3491.9248320714532,19.991163346970993,19.92994093675659,0.0010518130911032083,3.6685198824421623,3.648292449461306,3.66852003322651,11837.583975535581,19.991163346970993,6,high_yoyo,True,False,none,not_done,0.5799999999999996,1.0
ppo_shield,5.0,0,196,6,high_yoyo,9.931531943013518,126.24669305453921,-902.8727721557402,-11388.86803592589,1254.4098813023631,2104.802321838571,-11754.43726477616,blue,red,985.4284646385015,9.348848330158232,8.116423304401541,171.88357669559846,170.65115166984177,False,False,0.42932292036431674,0.43104104313288055,11754.43726477616,11388.86803592589,3582.7524783037734,3471.3269773502116,20.07849803257512,20.092315138184464,-0.0003558346499847879,3.6853684771620094,3.6834324996039696,3.688663701429084,11754.43726477616,20.093199229723783,6,high_yoyo,True,False,none,not_done,0.5799999999999996,1.0
ppo_shield,5.0,0,197,6,high_yoyo,9.93174744323766,158.1138352458261,-447.7562605861912,-11336.63511260306,1255.3974361513554,1653.5237659827374,-11677.457104906469,blue,red,729.9669626925721,7.078226917262185,5.849680895540054,174.15031910445995,172.92177308273781,False,False,0.428897958379521,0.42861373758447757,11677.457104906469,11336.63511260306,3559.2889255754917,3455.406382321413,19.924527649246496,19.95894012684972,-0.0022805683752736773,3.6602550833821974,3.671363013225632,3.685152099887171,11677.457104906469,20.07849803257512,6,high_yoyo,True,False,none,not_done,0.5799999999999996,1.0
ppo_shield,5.0,0,198,6,high_yoyo,9.700619345905586,301.1772886532288,-15.15130276025777,-11302.343499014765,1142.9379214725593,1214.8482778701016,-11613.893734234718,blue,red,464.109771108908,15.060501002339576,9.671649228640124,170.32835077135988,164.93949899766042,False,False,0.4277967940231176,0.4273374720356713,11613.893734234718,11302.343499014765,3539.914810194742,3444.9542984997006,19.986877697676462,18.091401992489878,-0.005564656117529877,3.677897029988836,3.664792306430998,3.678861668052522,11613.893734234718,20.008500960652338,6,high_yoyo,True,False,none,not_done,0.5799999999999996,1.0
ppo_shield,5.0,0,199,6,high_yoyo,9.34093563228864,538.1357513073455,378.475392305495,-11286.271860828678,929.0650795959015,813.4530335606158,-11572.977596525618,blue,red,198.52554734085825,33.270999621337914,21.407841002533452,158.59215899746656,146.7290003786621,False,False,0.42854760646473183,0.43377754967589793,11572.977596525618,11286.271860828678,3527.4435714210085,3440.055663180581,17.512115437103603,14.007106404212884,-0.009403827835889772,3.2421070316967118,3.4648306684019543,3.6773266721525157,11572.977596525618,19.986877697676462,6,high_yoyo,True,False,none,not_done,0.5799999999999996,1.0
ppo_shield,5.0,0,200,6,high_yoyo,9.31475357411235,849.3243781394403,731.9736137226108,-11279.805573760228,636.1154547860838,458.6645601834263,-11562.96973916684,blue,red,136.42577937254512,148.9348723157866,136.60043664980893,43.399563350191094,31.06512768421338,False,False,0.4320783570374325,0.44686486908617423,11562.96973916684,11279.805573760228,3524.393176498053,3438.0847388821176,17.73890067340045,12.505712539329506,0.040795668745429385,3.3825177228516785,3.2385816358888775,3.3827637268946367,11561.74338975642,17.73890067340045,6,high_yoyo,True,False,none,not_done,0.5799999999999996,1.0
ppo_shield,5.0,0,201,6,high_yoyo,9.751230284133904,1231.5781745010581,1026.8631427624707,-11251.863386319308,284.03334113450626,163.74969975206199,-11596.719039333382,blue,red,404.56174707667407,156.11872634358718,151.64087145799743,28.35912854200255,23.88127365641281,False,False,0.42904471590796156,0.45703774257830837,11596.719039333382,11251.863386319308,3534.6799631888152,3429.567960150125,19.026413296478605,15.459292308889662,0.03061160948382342,3.5428163292353627,3.4779825864834066,3.542948576162505,11562.96973916684,19.026413296478605,6,high_yoyo,True,False,none,not_done,0.5799999999999996,1.0
ppo_shield,5.0,0,202,6,high_yoyo,9.871830099589555,1677.867350273962,1225.8507814568975,-11197.723667635588,-115.2217033329917,-43.05357743049717,-11660.905308298348,blue,red,684.2623455308168,145.7918741014249,143.4848158940369,36.51518410596309,34.20812589857512,False,False,0.4214338933149726,0.4619923789047676,11660.905308298348,11197.723667635588,3554.243937969337,3413.066173895327,19.851283728538302,17.485973734174234,0.012056659754705547,3.5490448753299226,3.556657340354927,3.5619999034289807,11596.719039333382,19.851283728538302,6,high_yoyo,True,False,none,not_done,0.5799999999999996,1.0
ppo_shield,5.0,0,203,6,high_yoyo,9.901065076847683,2162.3479800091814,1304.0176570789122,-11139.586457660387,-545.9042864415095,-138.95753226783992,-11718.870191013408,blue,red,951.853720792145,136.45307804149897,134.6722494247573,45.327750575242725,43.54692195850101,False,False,0.41318976438435995,0.46190174657271715,11718.870191013408,11139.586457660387,3571.9116342208868,3395.345952294886,20.17866650880046,18.770704187153626,-0.0014330088464883574,3.4578251364761896,3.51098247197031,3.548555102897911,11660.905308298348,20.18392474728158,6,high_yoyo,True,False,none,not_done,0.5799999999999996,1.0
ppo_shield,5.0,0,204,6,high_yoyo,-0.12749490484333478,2649.097638976327,1251.2944358546868,-11091.678740199854,-982.5983364757745,-119.438101980995,-11738.293908936706,blue,red,1199.4658250697748,128.08842337197586,125.79351508479584,54.20648491520416,51.911576628024136,False,False,0.4084203657968985,0.45797832306515146,11738.293908936706,11091.678740199854,3577.8319834439085,3380.7436800129153,19.834040018336445,19.57872044859036,-0.00777362115822686,3.3240826979494495,3.383743771023967,3.4563750493693406,11718.870191013408,20.17866650880046,6,high_yoyo,True,False,none,not_done,0.5799999999999996,1.0
ppo_shield,5.0,0,205,6,high_yoyo,-0.14749646123890905,3099.024475424462,1070.2108989269043,-11054.893116511128,-1396.9713374141263,8.44505462341266,-11705.235393620924,blue,red,1421.958810544255,119.45398975834901,116.79905345604865,63.200946543951346,60.546010241651,False,False,0.40793549578218313,0.4517655358730462,11705.235393620924,11054.893116511128,3567.755747975658,3369.531421912592,19.979908474581475,20.081341992931467,-0.0074888702605095045,3.348413564063046,3.3244806009449914,3.348421938642018,11705.235393620924,19.979908474581475,6,high_yoyo,True,False,none,not_done,0.5799999999999996,1.0
ppo_shield,5.0,0,206,6,high_yoyo,-0.17180647780726,3475.844606866333,775.7905274998511,-11022.694473204658,-1760.0245826803766,235.24436770425282,-11623.006654215302,blue,red,1614.7753715469237,111.24093095897808,108.14841435844743,71.85158564155259,68.75906904102192,False,False,0.40989002989333984,0.4450421629328843,11623.006654215302,11022.694473204658,3542.692428204824,3359.71727543278,20.131247950929527,20.067753531284026,-0.0035580705597149406,3.4035460828907205,3.3799236261426984,3.4035479426955155,11623.006654215302,20.146032532241716,6,high_yoyo,True,False,none,not_done,0.5799999999999996,1.0
ppo_shield,5.0,0,207,6,high_yoyo,-0.2465209651682511,3752.534421088221,393.7038408868992,-10987.288607496437,-2046.7233031513833,547.1733843937209,-11506.30268185557,blue,red,1775.2949990517748,104.31484087577269,99.87746350274418,80.12253649725582,75.68515912422731,False,False,0.41407832249750826,0.4401464238554616,11506.30268185557,10987.288607496437,3507.121057429578,3348.925567564914,19.891216098845373,19.842099699558855,0.001180186847830204,3.441113329713312,3.418412591643939,3.4411135320956254,11506.30268185557,20.131247950929527,6,high_yoyo,True,False,none,not_done,0.5799999999999996,1.0
ppo_shield,5.0,0,208,6,high_yoyo,-0.3659227212586696,3911.5159496503666,-44.82704751614482,-10943.65878271061,-2239.5914048998343,925.4140817109809,-11373.600369198128,blue,red,1902.5561139787524,97.6675940101122,91.08098502745617,88.91901497254385,82.33240598988782,False,False,0.41896285724546045,0.4360501800744229,11373.600369198128,10943.65878271061,3466.6733925315893,3335.6271969701943,20.023858777003873,20.11795324953278,0.005252634664436773,3.560699450789292,3.4963534001961407,3.560703325049994,11373.600369198128,20.023858777003873,6,high_yoyo,True,False,none,not_done,0.5799999999999996,1.0
ppo_shield,5.0,0,209,6,high_yoyo,-0.46490285729424874,3942.5982409143603,-505.0772622270384,-10890.298333000399,-2325.8977605316813,1346.5362872334968,-11241.587882512977,blue,red,1995.1230903562566,91.0579942526021,82.68974282130563,97.31025717869437,88.9420057473979,False,False,0.42259687072714774,0.43255719301815954,11241.587882512977,10890.298333000399,3426.4359865899555,3319.3629318985218,20.08113900452099,20.00038621443387,0.007889935870323163,3.6428458512619755,3.611150582096918,3.642854395545425,11241.587882512977,20.122555806083497,6,high_yoyo,True,False,none,not_done,0.5799999999999996,1.0
ppo_shield,5.0,0,210,6,high_yoyo,-0.5501481162150441,3846.743194309003,-952.2951643159628,-10827.154686575099,-2299.110780377596,1782.760503931882,-11121.03414054257,blue,red,2052.3344389198437,84.4106155942356,74.50794950236481,105.4920504976352,95.5893844057644,False,False,0.4254689797158547,0.4307466592839069,11121.03414054257,10827.154686575099,3389.6912060373757,3300.1167484680905,19.889076746952746,19.89407458898956,0.00830139288304061,3.6779369033627267,3.6577654115291804,3.6779462717991414,11121.03414054257,20.08113900452099,6,high_yoyo,True,False,none,not_done,0.5799999999999996,1.0
ppo_shield,5.0,0,211,6,high_yoyo,-0.6111484796297278,3633.2905527767034,-1353.5493284570664,-10755.166475348435,-2159.3002843386444,2203.891768978066,-11015.896350089528,blue,red,2073.479729500099,76.96742049003305,65.96674785669795,114.03325214330205,103.03257950996696,False,False,0.42700440640472676,0.4292217938441703,11015.896350089528,10755.166475348435,3357.6452075072884,3278.174741686203,20.057260813623802,20.12190193444517,0.007930310701259333,3.75394352797166,3.716549049291946,3.7539519044638987,11015.896350089528,20.057260813623802,6,high_yoyo,True,False,none,not_done,0.5799999999999996,1.0
ppo_shield,5.0,0,212,6,high_yoyo,-0.632317590434661,3319.237421052421,-1678.4716753257826,-10675.9210940742,-1913.059287441778,2577.9749039908875,-10925.636442661713,blue,red,2057.267330588113,69.23914650365599,57.8574298758321,122.1425701241679,110.76085349634403,False,False,0.42698986607132355,0.42816739046821684,10925.636442661713,10675.9210940742,3330.1339877232904,3254.020749473816,20.029738786222943,19.95313024114306,0.006584062671836364,3.7604860997753895,3.7649065933484094,3.7689255071668915,10925.636442661713,20.102040936920854,6,high_yoyo,True,False,none,not_done,0.5799999999999996,1.0
ppo_shield,5.0,0,213,6,high_yoyo,-0.6510650591843048,2929.259034855039,-1903.8257510354968,-10590.595512885579,-1576.1044798451055,2875.99463581074,-10846.210893651518,blue,red,2003.5893602614747,61.43413225183666,49.71496118651919,130.2850388134808,118.56586774816336,False,False,0.42675455260297396,0.42807943586575403,10846.210893651518,10590.595512885579,3305.9250803849827,3228.0135123275245,19.906958879666256,19.945977068600417,0.00527268223983169,3.7518896037850653,3.7512655632566787,3.7602095533085524,10846.210893651518,20.029738786222943,6,high_yoyo,True,False,none,not_done,0.5799999999999996,1.0
ppo_shield,5.0,0,214,6,high_yoyo,-0.6568864425718708,2493.1728366493135,-2012.7881297879735,-10500.731968848508,-1171.8608448526481,3074.7023308197117,-10772.641712516182,blue,red,1912.943983023599,53.165241324954636,41.34128535866096,138.65871464133903,126.83475867504536,False,False,0.42597397395402686,0.4277364898004447,10772.641712516182,10500.731968848508,3283.5011939749324,3200.6231041050255,20.073465239802726,20.104278562049757,0.00469189762567274,3.7812876866390397,3.7683732336484392,3.781290597538273,10772.641712516182,20.073465239802726,6,high_yoyo,True,False,none,not_done,0.5799999999999996,1.0
ppo_shield,5.0,0,215,6,high_yoyo,-0.6437979420926536,2044.541926988507,-1996.9052131156614,-10408.824596094462,-729.829981082568,3157.6922327343873,-10701.128509270593,blue,red,1786.462309625762,44.99296869789992,33.40460574023218,146.59539425976783,135.0070313021001,False,False,0.42490317346808515,0.42763677989163246,10701.128509270593,10408.824596094462,3261.703969625677,3172.609736889592,19.991861474964107,19.92949506063968,0.004156909231901322,3.7567929383163343,3.77261831411706,3.7815611730482193,10701.128509270593,20.08709334787905,6,high_yoyo,True,False,none,not_done,0.5799999999999996,1.0
ppo_shield,5.0,0,216,6,high_yoyo,-0.6345947650402777,1616.713953817865,-1858.6354659967485,-10318.950520529972,-282.608689595507,3118.7938827171124,-10628.912717412393,blue,red,1626.5673058321372,36.7800206358008,25.357314865075796,154.6426851349242,143.2199793641992,False,False,0.42437330973387194,0.42769147009625025,10628.912717412393,10318.950520529972,3239.6925962672976,3145.216118657536,19.93922909810462,19.994609813277222,0.00407153023500281,3.7528290812391414,3.74908728876369,3.756453972234785,10628.912717412393,19.991861474964107,6,high_yoyo,True,False,none,not_done,0.5799999999999996,1.0
ppo_shield,5.0,0,217,6,high_yoyo,-0.6103749620690767,1241.146106307699,-1609.1065972257193,-10237.327119680096,136.77150093615302,2960.9188964305204,-10554.746275145246,blue,red,1436.3012753153982,28.21771818518876,17.2309688679454,162.7690311320546,151.78228181481126,False,False,0.4237094632601482,0.42675642623396715,10554.746275145246,10237.327119680096,3217.086664664271,3120.3373060784934,20.07506138334116,20.073298675347623,0.003787924359290042,3.7755906789498783,3.7671840260118516,3.775631114211534,10554.746275145246,20.07506138334116,6,high_yoyo,True,False,none,not_done,0.5799999999999996,1.0
ppo_shield,5.0,0,218,6,high_yoyo,-0.5680878128158031,945.3384825385841,-1267.607605102902,-10167.812715217007,496.8017897583773,2695.6748769261926,-10478.722824667793,blue,red,1219.4079432411575,19.783085317810183,9.557504687125766,170.44249531287426,160.2169146821898,False,False,0.4231635282498534,0.42546221736627865,10478.722824667793,10167.812715217007,3193.9147169587436,3099.149315598144,19.966684429983523,19.92118102864008,0.0012220684855065234,3.755867397853059,3.7668827939232084,3.7755664072389825,10478.722824667793,20.075871653811898,6,high_yoyo,True,False,none,not_done,0.5799999999999996,1.0
ppo_shield,5.0,0,219,6,high_yoyo,9.424650176078584,750.0121799734264,-859.8377742459497,-10111.34725876125,771.5774190686071,2343.1831775037685,-10402.299547234652,blue,red,980.3223559318639,11.38960945910416,3.9133126285187174,176.0866873714813,168.61039054089585,False,True,0.4229680933663525,0.4236197459025539,10402.299547234652,10111.34725876125,3170.620901997122,3081.938644470429,19.97421417422549,20.02758962405644,-0.001024327392528226,3.766396159859489,3.7569559414479574,3.766396299150013,10402.299547234652,19.97421417422549,6,high_yoyo,True,False,none,not_done,0.5799999999999996,0.9199999999999999
ppo_shield,5.0,0,220,6,high_yoyo,9.29826522351509,668.0045111017763,-415.9118852811198,-10069.922954263515,942.0273367796408,1929.5885004601237,-10330.171179557294,blue,red,724.1287055091834,5.704566035063459,7.833340058335088,172.1666599416649,174.29543396493656,False,False,0.4221972107293546,0.42164710742545347,10330.171179557294,10069.922954263515,3148.636175529063,3069.3125164595194,20.068407999765114,18.659466837840398,-0.004361811342126955,3.77505487312483,3.775570285363167,3.7790557765635193,10330.171179557294,20.07034584120317,6,high_yoyo,True,False,none,not_done,0.5799999999999996,0.5099999999999996
ppo_shield,5.0,0,221,6,high_yoyo,9.860469249455347,694.354907543981,37.997109845895075,-10044.340803131876,998.475606907015,1484.9307340805956,-10270.8582467219,blue,red,455.91972028198865,13.166928119479223,10.655374609675484,169.34462539032452,166.83307188052078,False,False,0.4208087290786544,0.4278575354757283,10270.8582467219,10044.340803131876,3130.5575936008354,3061.515076794596,19.93041695372317,14.188252405770598,-0.012443746938153144,3.7473270434080708,3.757608156925347,3.774818138886177,10270.8582467219,20.068407999765114,6,high_yoyo,True,False,none,not_done,0.5799999999999996,0.5099999999999996
ppo_shield,5.0,0,222,6,high_yoyo,9.619020422855039,806.6650448357783,491.7767806833754,-10030.188923841568,945.3864768203681,1037.8328022607668,-10236.578945855905,blue,red,182.88448446230245,31.368054919660437,24.510422531051127,155.48957746894888,148.63194508033956,False,False,0.4217327265955416,0.4433937861831315,10236.578945855905,10030.188923841568,3120.10926269688,3057.20158398691,17.329239428342284,8.030827389423848,-0.026952390411512192,3.2834033094536803,3.521679661170819,3.7466572627201686,10236.578945855905,19.93041695372317,6,high_yoyo,True,False,none,not_done,0.5799999999999996,0.5099999999999996
ppo_shield,5.0,0,223,6,high_yoyo,9.694881076462474,981.0784148753144,946.0180647407203,-9985.662681687912,808.5047981319651,603.8099299169284,-10243.819169391765,blue,red,140.8469002650592,165.54087078144073,160.04873015776528,19.951269842234733,14.459129218559283,False,False,0.4247418745171275,0.466220155691742,10243.819169391765,9985.662681687912,3122.31608283061,3043.629985378476,15.921462722284787,4.925195804764086,-0.057549950308003174,3.0875348566306915,3.270472823642258,3.4454885270597115,10233.057745334023,17.329239428342284,6,high_yoyo,True,False,none,not_done,0.5799999999999996,0.5099999999999996
ppo_shield,5.0,0,224,6,high_yoyo,10.224842672445554,1173.6921234648814,1411.1159499078233,-9868.128622972345,640.0149407391377,180.5019464379654,-10310.16011912891,blue,red,430.47149109312346,169.36359280542368,173.41076090944364,6.589239090556362,10.636407194576334,False,False,0.4327536459103158,0.4952179133493405,10310.16011912891,9868.128622972345,3142.536804310492,3007.805604281971,11.937755344591547,4.270008031832883,-0.023663739497100916,2.54242245216809,2.5369007749135277,3.0700146049530166,10243.819169391765,15.921462722284787,6,high_yoyo,True,False,none,not_done,0.5799999999999996,0.5099999999999996
ppo_shield,5.0,0,225,6,high_yoyo,10.521582891627434,1327.4702516600837,1910.8571053968494,-9703.614823105298,519.7806742930669,-259.6613472884368,-10410.701039340802,blue,red,738.061964168614,153.6677726778896,163.05626472718342,16.9437352728166,26.332227322110434,False,False,0.4364029275061636,0.5220782131531787,10410.701039340802,9703.614823105298,3173.1816767910764,2957.661798082495,15.432262717763562,9.869799382698641,-0.004669287842021334,3.282589375041428,2.9646800052809223,3.2825926959316507,10310.16011912891,15.432262717763562,6,high_yoyo,True,False,none,not_done,0.5799999999999996,0.5099999999999996
ppo_shield,5.0,0,226,6,high_yoyo,0.6852229471237105,1393.1729754758617,2456.5180761193797,-9544.203288202638,504.0334808153337,-718.8811739024644,-10494.144178671086,blue,red,1045.962275174336,140.29947613497924,152.63348918320602,27.366510816793966,39.70052386502076,False,False,0.4346426020946526,0.5395585976160572,10494.144178671086,9544.203288202638,3198.615145658947,2909.073162244164,17.45146491287321,13.556099690973497,0.008482910707390032,3.5855372690359686,3.4566299746717424,3.5855473037487573,10410.701039340802,17.45146491287321,6,high_yoyo,True,False,none,not_done,0.5799999999999996,0.5099999999999996
ppo_shield,5.0,0,227,6,high_yoyo,0.6861995189771422,1333.4231811035263,3026.733020530342,-9431.068472011868,604.0108911191555,-1171.579242217028,-10516.354620016677,blue,red,1340.2785631052218,128.0833218579392,140.43491319952778,39.56508680047224,51.9166781420608,False,False,0.43250793043961305,0.5447993819138175,10516.354620016677,9431.068472011868,3205.384888181083,2874.5896702692175,18.597310556838117,16.259421453309518,0.012306322860639998,3.735385948943355,3.6671575090404325,3.735406220633279,10494.144178671086,18.597310556838117,6,high_yoyo,True,False,none,not_done,0.5799999999999996,0.5099999999999996
ppo_shield,5.0,0,228,6,high_yoyo,0.601992675683457,1121.2586103937522,3566.8290286488564,-9374.106007250068,813.3398248088921,-1581.015115951238,-10464.418317732654,blue,red,1606.613904727413,116.94184337079477,127.77771153309702,52.222288466902995,63.05815662920522,False,False,0.4323716923861769,0.5382224644579057,10464.418317732654,9374.106007250068,3189.554703244913,2857.227511009821,19.32851169145762,17.997680737405073,0.00989833313928043,3.8546250875132704,3.7958007336769,3.8546377965102794,10464.418317732654,19.32851169145762,6,high_yoyo,True,False,none,not_done,0.5799999999999996,0.5099999999999996
ppo_shield,5.0,0,229,6,high_yoyo,0.44789353137580934,761.3779188592515,4010.508264922202,-9356.723838956972,1119.105606308129,-1910.720381194537,-10350.469495035575,blue,red,1833.2763061870712,107.21072083752581,115.27280440229039,64.72719559770961,72.7892791624742,False,False,0.43408308798123074,0.5246109073743871,10350.469495035575,9356.723838956972,3154.8231020868434,2851.9294261140853,19.839022373779986,19.067418860106258,0.0038261583224567745,3.9761698870241164,3.915902856709177,3.976171727926862,10350.469495035575,19.839022373779986,6,high_yoyo,True,False,none,not_done,0.5799999999999996,0.5099999999999996
ppo_shield,5.0,0,230,6,high_yoyo,0.23441845974714962,291.4329464032731,4305.9045073508,-9355.114630608747,1501.2117842746518,-2132.2000072675423,-10200.389876188616,blue,red,2013.2321451990963,98.84321606131614,103.06274833676484,76.93725166323516,81.15678393868386,False,False,0.43632748042920483,0.5083683536887328,10200.389876188616,9355.114630608747,3109.0788342622905,2851.438939409546,20.15377575474751,19.717366358281584,-0.003034970479262263,4.081784411818562,4.034049835006038,4.081785540129566,10200.389876188616,20.15377575474751,6,high_yoyo,True,False,none,not_done,0.5799999999999996,0.5099999999999996
ppo_shield,5.0,0,231,6,high_yoyo,-0.02130585725383591,-232.27812237522036,4426.912901167605,-9351.95909626453,1931.9729286074653,-2229.1119178882705,-10041.646103709369,blue,red,2143.641674978575,91.58577973665223,91.2022743060832,88.79772569391682,88.41422026334779,False,False,0.43857097558270464,0.4922602991338544,10041.646103709369,9351.95909626453,3060.6937324106157,2850.477132541429,19.945621860496857,20.103772209793643,-0.007745845251506316,4.097374165272797,4.093940463957383,4.097381486799052,10041.646103709369,20.157626780166154,6,high_yoyo,True,False,none,not_done,0.5799999999999996,0.5099999999999996
ppo_shield,5.0,0,232,6,high_yoyo,-0.21760091655279604,-750.4443742447554,4372.6617850924285,-9338.81415311277,2379.0352071779453,-2197.0285800955426,-9893.855593847598,blue,red,2224.4667548903585,84.06393215266017,80.14711565470986,99.85288434529015,95.93606784733983,False,False,0.4404853865492494,0.4781606414680433,9893.855593847598,9338.81415311277,3015.6471850047483,2846.470553868772,19.93634171702033,20.014304026807416,-0.009666924776687076,4.158964138589063,4.1205192587414246,4.158975373274589,9893.855593847598,19.945621860496857,6,high_yoyo,True,False,none,not_done,0.5799999999999996,0.5099999999999996
ppo_shield,5.0,0,233,6,high_yoyo,-0.33396917335540405,-1212.2422246402532,4162.414162808692,-9312.984924456094,2806.426798803283,-2038.3914596830425,-9767.174813570722,blue,red,2256.466731363187,75.63947520512322,69.62803008472595,110.37196991527405,104.3605247948768,False,False,0.4402368128159799,0.4674938018397766,9767.174813570722,9312.984924456094,2977.0348831763563,2838.5978049742175,20.123414905239848,19.896885852524854,-0.00963750147759988,4.208953569332186,4.194854273861028,4.210438769905702,9767.174813570722,20.126252162316273,6,high_yoyo,True,False,none,not_done,0.5799999999999996,0.5099999999999996
ppo_shield,5.0,0,234,6,high_yoyo,-0.44601534320399394,-1577.7110351535173,3826.641483774132,-9274.819251058401,3176.707202455032,-1764.3043765129614,-9663.151872357335,blue,red,2240.1031388428323,66.99207363524289,58.963797457571005,121.036202542429,113.00792636475713,False,False,0.43883673473885504,0.4584914650533223,9663.151872357335,9274.819251058401,2945.328690694516,2826.964907722601,19.911869014161855,20.103458618429162,-0.007645686321564422,4.159557047090011,4.185355379675595,4.208752137422423,9663.151872357335,20.123414905239848,6,high_yoyo,True,False,none,not_done,0.5799999999999996,0.5099999999999996
ppo_shield,5.0,0,235,6,high_yoyo,-0.4938670017887143,-1817.3961882032158,3403.274065609855,-9225.930401016112,3457.361801308212,-1396.4084167041203,-9576.676246622834,blue,red,2176.3455611515355,57.702716444456726,48.813110412259896,131.18688958774013,122.29728355554329,False,False,0.4369456690320333,0.45109448243928363,9576.676246622834,9225.930401016112,2918.97091997064,2812.0635862297113,19.987965615398508,19.967127690219506,-0.006052017233886355,4.16068653856375,4.155010434593787,4.160690940108169,9576.676246622834,19.987965615398508,6,high_yoyo,True,False,none,not_done,0.5799999999999996,0.5099999999999996
ppo_shield,5.0,0,236,6,high_yoyo,-0.5138849053965278,-1916.145851079403,2934.738130902133,-9167.917793338283,3622.6126184351615,-964.8831509467364,-9501.144140951099,blue,red,2067.1627530628684,47.999939989829045,38.75001169269156,141.24998830730846,132.00006001017098,False,False,0.4340593163995839,0.44569075698895677,9501.144140951099,9167.917793338283,2895.948734161895,2794.381343409509,20.080430103333427,19.95068847071931,-0.004777036804581304,4.134355054662538,4.155484238347892,4.163089347133557,9501.144140951099,20.099387184419136,6,high_yoyo,True,False,none,not_done,0.5799999999999996,0.5099999999999996
ppo_shield,5.0,0,237,6,high_yoyo,-0.5477893558004171,-1870.67212363453,2464.203678295717,-9103.698590613594,3657.884552849654,-506.30968945652984,-9430.55964967418,blue,red,1915.5346725188579,38.3593385107139,28.49913010630641,151.5008698936936,141.64066148928612,False,False,0.4315487506900756,0.4408886263949763,9430.55964967418,9103.698590613594,2874.4345812206902,2774.807330419024,19.909733123606394,20.086574985368916,-0.003831055559545798,4.067923406698902,4.097376616300932,4.133637179236503,9430.55964967418,20.080430103333427,6,high_yoyo,True,False,none,not_done,0.5799999999999996,0.5099999999999996
ppo_shield,5.0,0,238,6,high_yoyo,-0.5338348296767377,-1689.7116888287594,2032.7015750927997,-9038.679350246823,3561.4909336198784,-58.87420746144663,-9360.569646228918,blue,red,1725.6480631817788,28.13060627651047,18.521579342329186,161.47842065767082,151.86939372348954,False,False,0.4294102953067323,0.4368326808356254,9360.569646228918,9038.679350246823,2853.1016281705743,2754.9894659552315,20.0284883180639,19.946286206956156,-0.0032519945456556654,4.065199098135153,4.063328986957422,4.067589441088322,9360.569646228918,20.0284883180639,6,high_yoyo,True,False,none,not_done,0.5799999999999996,0.5099999999999996
ppo_shield,5.0,0,239,6,high_yoyo,-0.4925914519286503,-1393.1680744226437,1675.1378788143263,-8976.822720400614,3342.2206570041385,340.04809660099056,-9289.492016090273,blue,red,1502.6402975251963,17.4881590852127,8.621512950497012,171.37848704950298,162.5118409147873,False,False,0.42716534921490246,0.4333998014811841,9289.492016090273,8976.822720400614,2831.4371665043154,2736.1355651781073,20.043433515068138,19.989319759075528,-1.731521225015846e-05,4.03272383075599,4.054245333965558,4.065217467663814,9289.492016090273,20.08356335344723,6,high_yoyo,True,False,none,not_done,0.5799999999999996,0.5099999999999996
ppo_shield,5.0,0,240,6,high_yoyo,-0.05504812833593388,-1008.7975152552552,1419.4835665043947,-8921.614819867917,3019.653385054962,658.4706983076062,-9218.423209416853,blue,red,1252.859719398762,6.615137261037001,5.6242709509902005,174.3757290490098,173.384862738963,False,False,0.42555548823804557,0.4296179256735166,9218.423209416853,8921.614819867917,2809.775394230257,2719.308197095741,19.92822275967426,20.062531615313144,0.0037913869323543447,3.99166189554632,4.007687915658366,4.032141213032129,9218.423209416853,20.043433515068138,6,high_yoyo,True,False,none,not_done,0.5799999999999996,0.5099999999999996
ppo_shield,5.0,0,241,6,high_yoyo,10.239078517813772,-570.0292656265518,1280.5825174686408,-8879.579459327444,2621.3714758652754,873.3582729961582,-9153.055644454935,blue,red,984.1623147289127,7.569171097487362,11.872584418135292,168.12741558186474,172.43082890251264,False,False,0.4237184866082556,0.4295574151651942,9153.055644454935,8879.579459327444,2789.851360429864,2706.495819203005,20.049046216776063,16.6872422287084,0.012699218057686344,4.004302301869494,3.991832725040818,4.00432243892729,9153.055644454935,20.05207836959229,6,high_yoyo,True,False,none,not_done,0.5799999999999996,0.5099999999999996
ppo_shield,5.0,0,242,6,high_yoyo,9.656989785616588,-103.04930769201442,1241.0901005328833,-8859.808442192158,2179.130213398728,974.9354370565537,-9105.171560442159,blue,red,704.3046736005689,17.98103501326464,11.806851154363263,168.19314884563676,162.01896498673537,False,False,0.42499177568949,0.44095709092132623,9105.171560442159,8859.808442192158,2775.2562916227703,2700.4696131801697,16.52534554334029,10.81796222363045,0.03509753545142233,3.345683227297645,3.719506345787511,4.006491139465241,9105.171560442159,20.049046216776063,6,high_yoyo,True,False,none,not_done,0.5799999999999996,0.5099999999999996
ppo_shield,5.0,0,243,6,high_yoyo,8.832509998964763,382.7668965153563,1240.0464567298766,-8874.681631110894,1715.5525861248389,988.2063259632084,-9090.60730165722,blue,red,418.62757537851047,26.203443743010933,5.188623724376656,174.81137627562333,153.79655625698908,False,False,0.43625397042086006,0.45906910957109354,9090.60730165722,8874.681631110894,2770.817105545121,2705.0029611626005,11.523860456541744,6.076080497587682,0.008376610608760604,2.509088757458749,2.913905741909135,3.337594739281007,9089.86721540791,16.52534554334029,6,high_yoyo,True,False,none,not_done,0.5799999999999996,0.5099999999999996
ppo_shield,5.0,0,244,6,high_yoyo,9.014689646254023,887.5758420937902,1202.2770602403177,-8894.641381928473,1238.2815984319277,976.8257287897502,-9124.235469902404,blue,red,145.07208096263597,52.33708103541711,34.60149466798953,145.39850533201047,127.66291896458289,False,False,0.4494566700841248,0.47845492198378403,9124.235469902404,8894.641381928473,2781.066971226253,2711.086693211799,12.000655687913593,8.376791244789331,0.012342790560343367,2.883888143648203,2.501747307204789,2.8839145565625715,9090.60730165722,12.000655687913593,6,high_yoyo,True,False,none,not_done,0.5799999999999996,0.5099999999999996
ppo_shield,5.0,0,245,6,high_yoyo,9.310480944515486,1398.8377445730746,1084.9462319482764,-8866.96994311583,758.7332156935278,1014.9840548298481,-9206.646521870596,blue,red,221.8995690366714,151.23579833893385,138.8244553402126,41.1755446597874,28.76420166106615,False,False,0.45404394756909455,0.4945620079866701,9206.646521870596,8866.96994311583,2806.185859866158,2702.652438661705,15.261707778902526,11.992564190408311,0.027262358425668255,3.6616604716492684,3.310146056812028,3.661761959197467,9124.235469902404,15.261707778902526,6,high_yoyo,True,False,none,not_done,0.5799999999999996,0.5099999999999996
ppo_shield,5.0,0,246,6,high_yoyo,9.521193414370037,1882.5928867244468,853.9601466487753,-8805.461477993093,304.92993475712143,1154.2416423872207,-9316.96484151859,blue,red,513.7326969917191,149.1321640210718,140.51364547973245,39.48635452026755,30.867835978928234,False,False,0.4499009757785076,0.5045513962283713,9316.96484151859,8805.461477993093,2839.8108836948663,2683.904658492295,17.39792745073392,15.142413963831059,0.010970237090847771,4.001490217252894,3.8630376850206884,4.001505254885022,9206.646521870596,17.39792745073392,6,high_yoyo,True,False,none,not_done,0.5799999999999996,0.5099999999999996
ppo_shield,5.0,0,247,6,high_yoyo,9.58838349900391,2296.064748817772,501.36992670313134,-8763.222080630456,-89.82621295349598,1410.6283122259586,-9409.515559197898,blue,red,802.7833575419885,140.53127222924977,133.12217521132015,46.87782478867984,39.46872777075024,False,False,0.4420365304256975,0.5047859178592135,9409.515559197898,8763.222080630456,2868.0203424435194,2671.030090176163,18.633803935183252,17.265683615898492,-0.004650170963420579,4.080063489313911,4.054824636803002,4.080066139282842,9316.96484151859,18.633803935183252,6,high_yoyo,True,False,none,not_done,0.5799999999999996,0.5099999999999996
ppo_shield,5.0,0,248,6,high_yoyo,-0.3936676455524065,2592.963726464299,49.96030203988742,-8756.196783236172,-396.12696605266416,1766.8670631925104,-9445.512887035922,blue,red,1071.4744775104743,131.20346292835677,124.11744530841347,55.88255469158655,48.79653707164325,False,False,0.43526227412305735,0.4968613933234767,9445.512887035922,8756.196783236172,2878.992327968549,2668.8887795303854,19.335361721106754,18.592342523367833,-0.010458933379719053,4.073888273833832,4.078500451885636,4.081108364662956,9409.515559197898,19.335361721106754,6,high_yoyo,True,False,none,not_done,0.5799999999999996,0.5099999999999996
ppo_shield,5.0,0,249,6,high_yoyo,-0.4050820582195481,2736.47802473652,-458.9624191680821,-8770.370467860055,-589.2239100847739,2189.119427078585,-9413.451250467007,blue,red,1310.5047368382993,121.84630620971626,114.55482916176439,65.4451708382356,58.153693790283725,False,False,0.43146954308731333,0.4846717152315064,9413.451250467007,8770.370467860055,2869.219941142344,2673.208918603745,19.782612985670266,19.40816573452233,-0.008586057280494512,4.079704444074199,4.074214137020132,4.079713479078941,9413.451250467007,19.782612985670266,6,high_yoyo,True,False,none,not_done,0.5799999999999996,0.5099999999999996
ppo_shield,5.0,0,250,6,high_yoyo,-0.47024627181451584,2712.8454237751416,-973.141555601182,-8785.492992683885,-651.3375414445469,2639.424057694601,-9325.567040231783,blue,red,1513.6024685085733,113.1702422218094,104.70580932914811,75.29419067085188,66.8297577781906,False,False,0.4302156186232746,0.4714931695605655,9325.567040231783,8785.492992683885,2842.4328338626474,2677.818264170048,20.09838973045963,19.89954086546957,-0.002685751794529143,4.114030775129786,4.0956360768902496,4.114031651795801,9325.567040231783,20.09838973045963,6,high_yoyo,True,False,none,not_done,0.5799999999999996,0.5099999999999996
ppo_shield,5.0,0,251,6,high_yoyo,-0.6041661276609357,2532.000973081742,-1440.4747112124637,-8788.331140023129,-576.8286286254252,3080.358047627618,-9206.423836631124,blue,red,1677.1632623730895,105.70970958219704,94.83471928430019,85.16528071569981,74.29029041780296,False,False,0.43045957449583344,0.45925700410812936,9206.423836631124,8788.331140023129,2806.1179854051666,2678.6833314790497,20.022879135970673,20.129980542153305,0.003647705684435168,4.106876811748496,4.115588320800717,4.119493175618072,9206.423836631124,20.135903366725127,6,high_yoyo,True,False,none,not_done,0.5799999999999996,0.5099999999999996
ppo_shield,5.0,0,252,6,high_yoyo,-0.7362707943303805,2221.2623414734944,-1818.1305647743432,-8773.963014346875,-374.4396956718647,3478.567302821781,-9080.610512943,blue,red,1800.3003692922987,98.79758471958893,85.54471042164208,94.45528957835792,81.20241528041109,False,False,0.4317097790686224,0.4496720572310415,9080.610512943,8773.963014346875,2767.7700843450266,2674.3039267729278,19.90017536432881,19.921309072701685,0.007572158260734072,4.124580403461241,4.107694892914341,4.124587354172199,9080.610512943,20.022879135970673,6,high_yoyo,True,False,none,not_done,0.5799999999999996,0.5099999999999996
ppo_shield,5.0,0,253,6,high_yoyo,-0.8376509321081561,1817.5459938461106,-2077.0949748354838,-8742.386449923943,-62.80041928560107,3804.252276711225,-8965.469385018863,blue,red,1883.2524780705787,91.30338057158127,76.22566379363447,103.77433620636553,88.69661942841874,False,False,0.4318206314587606,0.4427755113942767,8965.469385018863,8742.386449923943,2732.6750685537495,2664.6793899368176,20.100525956176774,19.980122707739838,0.009458410399841109,4.181495093785638,4.15822162571963,4.18150579108539,8965.469385018863,20.100525956176774,6,high_yoyo,True,False,none,not_done,0.5799999999999996,0.5099999999999996
ppo_shield,5.0,0,254,6,high_yoyo,-0.927353853316057,1361.9043041795699,-2199.1320518749367,-8695.825671440116,331.682510498537,4030.3169711230003,-8869.394769740338,blue,red,1925.2534220462273,83.58417494474583,66.8918055850568,113.1081944149432,96.41582505525419,False,False,0.4305881126344862,0.4370203993288376,8869.394769740338,8695.825671440116,2703.3915258168554,2650.4876646549474,19.97380105171772,20.088622775174308,0.008837788915512585,4.146199912575191,4.1691136593399545,4.182000587558494,8869.394769740338,20.10747672508751,6,high_yoyo,True,False,none,not_done,0.5799999999999996,0.5099999999999996
ppo_shield,5.0,0,255,6,high_yoyo,-0.9658899225190488,897.2916088042322,-2178.2630073312957,-8636.878624039944,775.7627240342318,4137.3664856671085,-8792.03988291451,blue,red,1925.9409777360875,75.41320722932046,58.02718862397758,121.97281137602242,104.58679277067954,False,False,0.4288911231824298,0.4330157808315779,8792.03988291451,8636.878624039944,2679.813756312343,2632.520604607375,19.940649876437185,19.915707638059764,0.007409467257083866,4.12664589727691,4.1307669510418865,4.145698934334937,8792.03988291451,19.97380105171772,6,high_yoyo,True,False,none,not_done,0.5799999999999996,0.5099999999999996
ppo_shield,5.0,0,256,6,high_yoyo,-0.984323546600378,464.62591476587505,-2021.1939944638425,-8567.840025630756,1231.8340996879426,4114.958374312266,-8728.478443881168,blue,red,1885.4973082671202,66.7137987616641,48.99597492285731,131.0040250771427,113.2862012383359,False,False,0.4261766363405788,0.43027019134592825,8728.478443881168,8567.840025630756,2660.44022969498,2611.4776398122544,20.08329390242576,20.021095596493478,0.006041229889183562,4.113098520137814,4.125466888646222,4.129113958776396,8728.478443881168,20.083390331795453,6,high_yoyo,True,False,none,not_done,0.5799999999999996,0.5099999999999996
ppo_shield,5.0,0,257,6,high_yoyo,-1.0057022692687072,101.67657822902346,-1744.472093087024,-8491.279799203632,1660.5981635071043,3964.0305297568007,-8672.499478193637,blue,red,1804.5107140141865,58.1396425750083,40.037001728171596,139.9629982718284,121.8603574249917,False,False,0.4233739278127986,0.42786478448344806,8672.499478193637,8491.279799203632,2643.3778409534207,2588.142082797267,19.947555818231955,20.049139716890583,0.004664694194633738,4.043277022848913,4.078263316187184,4.112564454669017,8672.499478193637,20.08329390242576,6,high_yoyo,True,False,none,not_done,0.5799999999999996,0.5099999999999996
ppo_shield,5.0,0,258,6,high_yoyo,-0.9979558291279306,-160.98857800085395,-1374.560148842736,-8410.413291276058,2026.2960796262848,3698.13549588899,-8618.326076340038,blue,red,1684.959184219618,49.36670654375111,31.403501619448342,148.59649838055165,130.6332934562489,False,False,0.4210952610682581,0.42636072926874224,8618.326076340038,8410.413291276058,2626.8657880684436,2563.4939711809425,19.980409733955515,19.928435503420623,0.004147082449074121,4.019568124729364,4.02610370306481,4.042692941545194,8618.326076340038,19.980409733955515,6,high_yoyo,True,False,none,not_done,0.5799999999999996,0.5099999999999996
ppo_shield,5.0,0,259,6,high_yoyo,-0.9879703976805587,-303.0011540516136,-944.8641118559426,-8330.460494369543,2298.5137673618033,3340.399899675789,-8562.432441350675,blue,red,1529.6338278694743,40.39808344081542,22.614616282565375,157.38538371743462,139.6019165591846,False,False,0.41880885410809404,0.4249515246954687,8562.432441350675,8330.460494369543,2609.829408123686,2539.124358683837,20.063345127700465,20.045734920203618,0.004101658866493919,3.9983495217926204,4.013165028404989,4.019556834243922,8562.432441350675,20.070471661229906,6,high_yoyo,True,False,none,not_done,0.5799999999999996,0.5099999999999996
ppo_shield,5.0,0,260,6,high_yoyo,-0.97867547428182,-314.3442312408607,-492.79336403559535,-8258.688084934121,2455.153935986961,2921.734200669638,-8503.324117331196,blue,red,1342.1228803486958,31.57256073070077,13.956402193628017,166.043597806372,148.4274392692992,False,False,0.4171574895257909,0.4229671386664597,8503.324117331196,8258.688084934121,2591.8131909625486,2517.2481282879203,19.94190001137824,20.014435390294388,0.004009849196820454,3.953628673209157,3.9735746908590084,3.9978754887341137,8503.324117331196,20.063345127700465,6,high_yoyo,True,False,none,not_done,0.5799999999999996,0.5099999999999996
ppo_shield,5.0,0,261,6,high_yoyo,-0.9263218916911099,-196.314296934314,-56.6234012272235,-8198.824932860434,2484.8121064564425,2477.499171905253,-8440.799367789192,blue,red,1126.8851166962656,22.44697150621353,5.773177455773571,174.22682254422645,157.55302849378646,False,False,0.41603537947205116,0.4208642786617991,8440.799367789192,8198.824932860434,2572.755647302146,2499.0018395358607,20.010527970025567,19.944305531871823,0.0017825676168955178,3.9566926007703103,3.95206475687288,3.9566930023111255,8440.799367789192,20.010527970025567,6,high_yoyo,True,False,none,not_done,0.5799999999999996,0.5099999999999996
ppo_shield,5.0,0,262,6,high_yoyo,8.783899107808976,39.617774366701944,327.58390604344123,-8151.388624918642,2385.943208517593,2044.837861486851,-8376.437035244362,blue,red,888.8906066267358,13.254461326133697,5.404645266695289,174.59535473330473,166.74553867386632,False,False,0.41484459675763047,0.4181034069878161,8376.437035244362,8151.388624918642,2553.1380083424815,2484.543252875202,20.041377585615933,19.920790113903788,-0.0009800164097526296,3.9452804575337117,3.9550085538764996,3.958502401208063,8376.437035244362,20.060645503156792,6,high_yoyo,True,False,none,not_done,0.5799999999999996,0.11999999999999923
ppo_shield,5.0,0,263,6,high_yoyo,10.19766928140324,371.63575093616834,632.6565129490741,-8117.2111415513755,2168.2977270616743,1658.8063605991429,-8314.724520236361,blue,red,633.5141188913976,6.129725084442528,9.687772149700848,170.31222785029914,173.87027491555747,False,False,0.4138601511065977,0.42015217332581023,8314.724520236361,8117.2111415513755,2534.328033768043,2474.1259559448595,19.952354375101915,16.252724050416774,-0.005502352337242279,3.9170513590532754,3.929134359336461,3.9449482460273178,8314.724520236361,20.041377585615933,6,high_yoyo,True,False,none,not_done,0.5799999999999996,0.11999999999999923
ppo_shield,5.0,0,264,6,high_yoyo,9.919577035270443,772.7741090132598,858.4787502223762,-8094.583040199761,1851.9564385718807,1347.9420438211848,-8264.471977132764,blue,red,364.87896441154555,13.294402804469838,11.846789439337805,168.1532105606622,166.70559719553017,False,False,0.41229774000846947,0.43300915747548635,8264.471977132764,8094.583040199761,2519.0110586300666,2467.2289106528874,20.041022283071754,10.73832453109811,-0.01631758552222394,3.9090372413837513,3.913083370725306,3.9169276304123275,8264.471977132764,20.041022283071754,6,high_yoyo,True,False,none,not_done,0.5799999999999996,0.11999999999999923
ppo_shield,5.0,0,265,6,high_yoyo,-0.08149071027063388,1222.9667296206974,1022.1794622731645,-8063.1925592116695,1465.4545877976657,1129.1945688812143,-8240.821383987652,blue,red,97.25202439895799,47.493018168243424,46.02618538337203,133.97381461662798,132.50698183175658,False,False,0.4113436771579889,0.4546574223237735,8240.821383987652,8063.1925592116695,2511.8023578394364,2457.661092047717,18.374117700855443,6.142276712726893,-0.03414607277046517,3.5599422769984166,3.7547346564732456,3.914350401686981,8240.821383987652,20.04325603242439,6,high_yoyo,True,False,none,not_done,0.5799999999999996,0.11999999999999923
ppo_shield,5.0,0,266,6,high_yoyo,9.806867035495424,1704.4258876748288,1146.880121307915,-7965.50131486216,1042.8347844702591,991.9530720646877,-8265.9950945193,blue,red,226.45669583782984,176.63028279644956,173.1538894353672,6.846110564632809,3.3697172035504446,False,False,0.4128592979665928,0.48255144636288555,8265.9950945193,7965.50131486216,2519.4753048094826,2427.8848007699867,13.815316041823833,2.60248252993358,-0.024484522995176082,2.750782928554925,3.362544471493998,3.746658552622141,8240.657441979207,18.494714401955548,6,high_yoyo,True,False,none,not_done,0.5799999999999996,0.11999999999999923
ppo_shield,5.0,0,267,6,high_yoyo,10.238100577234563,2209.0781301688494,1249.7095474353355,-7800.474334208138,614.0930685543091,872.3858391282797,-8347.241890348576,blue,red,526.634537976723,165.32049572130313,169.6063061115253,10.393693888474724,14.679504278696868,False,False,0.42272280089617786,0.5148042687001253,8347.241890348576,7800.474334208138,2544.239328178246,2377.5845770666406,12.185862764788048,5.90320486000472,-0.02328151667088266,2.706622966434429,2.433481785207002,2.738503733597485,8265.9950945193,13.815316041823833,6,high_yoyo,True,False,none,not_done,0.5799999999999996,0.11999999999999923
ppo_shield,5.0,0,268,6,high_yoyo,10.513877315081643,2744.029228444375,1284.3588254443277,-7596.485667284819,206.05103931265802,686.973554838447,-8449.527145736596,blue,red,836.1682464450179,146.4820043745384,155.731796046008,24.26820395399202,33.5179956254616,False,False,0.4267724935834048,0.5414091376700212,8449.527145736596,7596.485667284819,2575.415874020515,2315.408831388413,15.430707978854615,10.85094697376909,8.39866136070827e-05,3.4038137620629385,3.0965471993788403,3.403813763099093,8347.241890348576,15.430707978854615,6,high_yoyo,True,False,none,not_done,0.5799999999999996,0.11999999999999923
ppo_shield,5.0,0,269,6,high_yoyo,0.6402909780091149,3305.9134717752404,1200.1955380695051,-7415.724505719338,-149.61230676609705,402.24255838319584,-8517.715516393619,blue,red,1131.9441258849856,127.81902888728027,139.34426649144436,40.65573350855566,52.18097111271973,False,False,0.42668332989552993,0.5563466057955182,8517.715516393619,7415.724505719338,2596.1996893967753,2260.312829343254,17.327195952130126,14.247458719645964,0.009784790893527717,3.7258558206138015,3.584368966365457,3.725868668932733,8449.527145736596,17.327195952130126,6,high_yoyo,True,False,none,not_done,0.5799999999999996,0.11999999999999923
ppo_shield,5.0,0,270,6,high_yoyo,0.6216312093148189,3852.2066016292792,967.3778244208864,-7303.8082827092085,-423.0808175019286,32.35114111536013,-8515.070492220635,blue,red,1384.0576189480712,108.9790701891486,120.16843195681535,59.83156804318465,71.0209298108514,False,False,0.42673388135260804,0.556832925495779,8515.070492220635,7303.8082827092085,2595.3934860288496,2226.2007645697668,18.452356293551343,16.682313802344815,0.011721461493371473,3.919392469471541,3.828530531818968,3.919409996722691,8515.070492220635,18.452356293551343,6,high_yoyo,True,False,none,not_done,0.5799999999999996,0.11999999999999923
ppo_shield,5.0,0,271,6,high_yoyo,0.5620029199212885,4306.7481458453085,581.7923482211143,-7264.5690549617675,-585.6157499639188,-391.8468142487169,-8436.66678600087,blue,red,1561.84382206518,90.05303813749528,100.16909069607848,79.83090930392153,89.94696186250474,False,False,0.42855637062514174,0.5450854705779551,8436.66678600087,7264.5690549617675,2571.496036373065,2214.240647952347,19.192133362667327,18.212560432822457,0.008137639304554682,4.085008756175621,4.003668935940871,4.085016861556993,8436.66678600087,19.192133362667327,6,high_yoyo,True,False,none,not_done,0.5799999999999996,0.11999999999999923
ppo_shield,5.0,0,272,6,high_yoyo,0.48689462750878965,4599.047337138062,80.32339074163684,-7271.188307052849,-615.5747939915235,-834.4716282082395,-8300.925536412688,blue,red,1643.928921836384,71.47305265763113,80.23715595278935,99.76284404721065,108.52694734236889,False,False,0.43157530460320215,0.5270470111443659,8300.925536412688,7271.188307052849,2530.1221034985874,2216.2581959897084,19.706688703060788,19.146552110047864,0.0014514964463588924,4.24290922930176,4.165781714767025,4.24290947757974,8300.925536412688,19.706688703060788,6,high_yoyo,True,False,none,not_done,0.5799999999999996,0.11999999999999923
ppo_shield,5.0,0,273,6,high_yoyo,0.40211439988175196,4693.232169744652,-470.9083613157705,-7293.513534199323,-505.5582197614705,-1258.4457994115435,-8137.360291616699,blue,red,1623.1770241112088,53.350506297100836,60.58856549497239,119.41143450502763,126.64949370289916,False,False,0.43436940467261953,0.5074196691642765,8137.360291616699,7293.513534199323,2480.2674168847702,2223.0629252239537,20.060101280451445,19.710273974151384,-0.005291894899082487,4.378080211099405,4.31393647692188,4.378083409321006,8137.360291616699,20.060101280451445,6,high_yoyo,True,False,none,not_done,0.5799999999999996,0.11999999999999923
ppo_shield,5.0,0,274,6,high_yoyo,0.313528668319688,4590.828378839295,-999.5819709124921,-7312.809402631466,-264.5360752785329,-1627.8049735755358,-7974.0750662358605,blue,red,1505.8014753071413,35.63587257285691,41.279388602611306,138.7206113973887,144.36412742714307,False,False,0.4359639296156996,0.4888367514552853,7974.0750662358605,7312.809402631466,2430.4980801886904,2228.9443059220707,20.057950719150877,20.05105881223715,-0.009463249429583785,4.424783973453599,4.412478650239307,4.425197757914058,7974.0750662358605,20.132091314507626,6,high_yoyo,True,False,none,not_done,0.5799999999999996,0.11999999999999923
ppo_shield,5.0,0,275,6,high_yoyo,0.257401709370057,4320.991553360661,-1443.9832500822406,-7321.843211358538,84.52972227495195,-1910.488939290789,-7829.085454755241,blue,red,1308.2465912356888,18.048110433345332,22.68134120200637,157.31865879799363,161.9518895666547,False,False,0.4368704629445597,0.4726363686934189,7829.085454755241,7321.843211358538,2386.3052466093977,2231.6978108220824,19.89024593505597,20.049090881046272,-0.003519760005198375,4.4353232202592965,4.42517957992042,4.435324616855207,7829.085454755241,20.057950719150877,6,high_yoyo,True,False,none,not_done,0.5799999999999996,0.11999999999999923
ppo_shield,5.0,0,276,6,high_yoyo,0.1436606236882091,3929.4087136105563,-1762.1024683951398,-7322.289664635202,509.12467360308483,-2080.223530460103,-7710.5734429754275,blue,red,1053.6697595995365,3.2838011968921466,5.869692423279934,174.13030757672007,176.71619880310786,False,False,0.4359311048326947,0.4598974223141776,7710.5734429754275,7322.289664635202,2350.1827854189105,2231.83388978081,20.080992918397794,19.90300904864668,0.008849673769507614,4.475455368737661,4.460007728707251,4.475575887798984,7710.5734429754275,20.080992918397794,6,high_yoyo,True,False,none,not_done,0.5799999999999996,0.11999999999999923
ppo_shield,5.0,0,277,6,high_yoyo,-100.0,3791.2421647200026,-1831.0531792148367,-7320.913224339531,650.0398521558532,-2107.048796798724,-7680.3341657558985,blue,red,967.3503517571374,6.814468577015875,4.5357722253446235,175.4642277746554,173.18553142298413,False,True,0.43513254739127905,0.4564455565107579,7680.3341657558985,7320.913224339531,2340.965853722398,2231.414350778689,20.105256530956886,19.937842604580364,0.015227692811385838,4.466230914321428,1.3863023210313294,4.47539837971034,7680.3341657558985,20.105256530956886,6,high_yoyo,True,False,none,red_kill,0.5799999999999996,-7.528699885739343e-16
